Date,Year,Month,Collection (Eur),Num_1,Num_2,Num_3,Num_4,Num_5,Start_1,Star_2
2/13/2004,2004,2,53121018,16,29,32,36,41,7,9
2/20/2004,2004,2,28198002,7,13,39,47,50,2,5
2/27/2004,2004,2,27556482,14,18,19,31,37,4,5
3/5/2004,2004,3,29224216,4,7,33,37,39,1,5
3/12/2004,2004,3,25603856,15,24,28,44,47,4,5
3/19/2004,2004,3,24759610,33,36,37,42,45,4,9
3/26/2004,2004,3,26399064,3,4,10,23,43,2,4
4/2/2004,2004,4,27852408,4,12,24,27,36,2,9
4/9/2004,2004,4,26551762,1,4,10,19,23,2,8
4/16/2004,2004,4,24940302,14,15,28,35,40,1,3
4/23/2004,2004,4,24934794,6,10,21,45,49,3,5
4/30/2004,2004,4,28395366,5,6,16,23,27,6,7
5/7/2004,2004,5,33226620,15,16,21,36,38,1,5
5/14/2004,2004,5,38161368,1,3,21,32,39,2,6
5/21/2004,2004,5,26448306,15,29,37,39,49,4,9
5/28/2004,2004,5,25205810,6,11,35,41,44,5,6
6/4/2004,2004,6,24881708,9,13,34,41,42,3,7
6/11/2004,2004,6,23281652,2,7,8,10,47,1,7
6/18/2004,2004,6,22868760,2,23,28,40,43,2,6
6/25/2004,2004,6,21703442,3,21,30,34,35,1,2
7/2/2004,2004,7,22146424,4,23,24,28,34,1,3
7/9/2004,2004,7,23563984,2,5,12,19,44,8,9
7/16/2004,2004,7,23866774,24,26,31,38,50,5,8
7/23/2004,2004,7,23850366,7,10,27,31,34,3,8
7/30/2004,2004,7,26499586,9,10,19,37,50,1,6
8/6/2004,2004,8,27541438,5,15,24,35,44,5,6
8/13/2004,2004,8,24665822,20,27,41,43,50,5,8
8/20/2004,2004,8,21071080,6,9,10,27,35,6,8
8/27/2004,2004,8,21745324,1,11,22,28,44,1,9
9/3/2004,2004,9,23372122,8,12,14,15,34,6,7
9/10/2004,2004,9,25277096,5,25,33,36,38,2,5
9/17/2004,2004,9,27003622,15,18,29,39,41,5,8
9/24/2004,2004,9,28286614,21,26,27,44,48,1,7
10/1/2004,2004,10,33110222,12,20,21,45,48,5,6
10/8/2004,2004,10,36215360,1,10,12,16,48,2,6
10/15/2004,2004,10,38873384,14,21,22,37,43,5,8
10/22/2004,2004,10,43482338,1,9,23,25,40,3,9
10/29/2004,2004,10,37781086,1,8,32,35,38,4,9
11/5/2004,2004,11,38664850,6,19,25,42,49,1,7
11/12/2004,2004,11,41590726,4,11,12,13,32,3,9
11/19/2004,2004,11,50994946,1,18,29,34,37,6,2
11/26/2004,2004,11,66535856,1,4,24,34,36,6,8
12/3/2004,2004,12,43347496,1,11,15,42,49,3,4
12/10/2004,2004,12,44475640,1,3,13,16,43,2,7
12/17/2004,2004,12,48393694,15,19,22,46,49,2,9
12/24/2004,2004,12,45467600,3,4,27,29,37,5,6
12/31/2004,2004,12,46261970,7,8,24,25,47,8,9
1/7/2005,2005,1,11643666,3,23,27,47,50,2,3
1/14/2005,2005,1,12957520,6,11,14,19,29,1,3
1/21/2005,2005,1,11730142,10,12,14,24,26,5,8
1/28/2005,2005,1,12319098,7,21,26,43,45,5,7
2/4/2005,2005,2,12634668,1,8,11,30,40,7,8
2/11/2005,2005,2,14678196,11,13,25,32,50,4,7
2/18/2005,2005,2,11185762,20,21,26,32,46,8,9
2/25/2005,2005,2,10882842,3,27,30,43,44,4,8
3/4/2005,2005,3,11375328,12,24,32,37,39,7,9
3/11/2005,2005,3,12362974,8,12,23,40,43,1,4
3/18/2005,2005,3,13191082,6,23,39,43,48,5,7
3/25/2005,2005,3,11965116,4,29,33,37,38,6,9
4/1/2005,2005,4,16316256,25,26,41,44,47,3,7
4/8/2005,2005,4,18036328,7,11,25,31,50,1,3
4/15/2005,2005,4,11943452,6,28,31,38,42,3,9
4/22/2005,2005,4,12304972,3,10,13,24,47,5,9
4/29/2005,2005,4,11316264,3,9,35,39,42,1,8
5/6/2005,2005,5,11751310,7,12,21,26,44,6,8
5/13/2005,2005,5,13281994,12,17,31,32,40,2,9
5/20/2005,2005,5,15274024,6,7,13,28,47,5,8
5/27/2005,2005,5,11876218,2,24,31,48,50,4,9
6/3/2005,2005,6,12164650,3,8,11,17,50,1,5
6/10/2005,2005,6,12658324,6,7,32,37,47,1,7
6/17/2005,2005,6,13541498,4,8,10,18,21,1,7
6/24/2005,2005,6,14450472,6,8,14,15,45,7,8
7/1/2005,2005,7,16971354,4,5,23,25,28,3,4
7/8/2005,2005,7,17950678,35,36,42,46,49,2,8
7/15/2005,2005,7,19832118,1,11,12,23,42,3,6
7/22/2005,2005,7,22126340,3,14,41,48,49,1,4
7/29/2005,2005,7,24667092,3,19,26,49,50,4,5
8/5/2005,2005,8,13184756,2,11,21,22,30,4,6
8/12/2005,2005,8,13395142,15,23,30,37,40,7,9
8/19/2005,2005,8,13123964,11,24,29,31,41,1,3
8/26/2005,2005,8,13926422,9,29,35,40,41,1,6
9/2/2005,2005,9,14922188,3,4,14,43,50,3,6
9/9/2005,2005,9,15064944,8,12,19,31,50,6,7
9/16/2005,2005,9,15615720,12,13,19,21,38,3,9
9/23/2005,2005,9,12487282,1,26,31,34,47,4,9
9/30/2005,2005,9,13224994,6,11,47,48,50,1,6
10/7/2005,2005,10,12613104,2,13,21,26,44,3,9
10/14/2005,2005,10,12080226,10,11,19,20,23,1,6
10/21/2005,2005,10,12033210,1,14,19,29,33,1,8
10/28/2005,2005,10,12564048,14,36,44,47,50,3,5
11/4/2005,2005,11,13077454,26,36,37,38,42,2,6
11/11/2005,2005,11,13581738,15,16,36,41,42,3,5
11/18/2005,2005,11,12031728,17,18,25,34,48,2,3
11/25/2005,2005,11,12660028,1,6,27,39,47,1,6
12/2/2005,2005,12,13162408,1,9,20,23,30,4,7
12/9/2005,2005,12,12832002,11,18,35,38,42,1,5
12/16/2005,2005,12,14449660,2,3,15,18,32,6,7
12/23/2005,2005,12,16254778,15,31,36,37,42,1,7
12/30/2005,2005,12,17569990,8,16,19,43,45,1,4
1/6/2006,2006,1,16469512,2,6,9,14,26,4,5
1/13/2006,2006,1,22342486,8,12,19,33,34,1,6
1/20/2006,2006,1,24559416,12,15,33,44,50,2,6
1/27/2006,2006,1,25775560,9,15,21,40,49,1,4
2/3/2006,2006,2,31658988,9,21,30,39,50,1,3
2/10/2006,2006,2,16366472,5,6,38,48,50,6,7
2/17/2006,2006,2,16462572,4,23,24,26,38,2,4
2/24/2006,2006,2,14934572,1,11,18,19,47,3,7
3/3/2006,2006,3,15348060,3,5,8,10,44,3,5
3/10/2006,2006,3,16077252,1,21,33,45,49,4,8
3/17/2006,2006,3,16537282,5,32,44,45,50,1,7
3/24/2006,2006,3,16565294,17,28,33,35,47,4,9
3/31/2006,2006,3,17090640,3,20,31,45,50,6,7
4/7/2006,2006,4,14427424,12,13,29,44,50,4,5
4/14/2006,2006,4,12232148,16,26,34,35,49,2,6
4/21/2006,2006,4,13683140,1,20,22,37,46,1,9
4/28/2006,2006,4,14482134,5,10,17,22,33,5,7
5/5/2006,2006,5,13382582,4,8,14,16,50,3,9
5/12/2006,2006,5,14132572,5,20,23,34,50,1,5
5/19/2006,2006,5,13472352,3,5,25,34,49,5,8
5/26/2006,2006,5,13495566,2,12,21,41,49,3,7
6/2/2006,2006,6,13211568,7,8,27,41,48,1,6
6/9/2006,2006,6,13546776,3,12,15,34,39,4,6
6/16/2006,2006,6,14082868,1,16,26,30,36,3,9
6/23/2006,2006,6,14692092,9,21,30,43,44,1,9
6/30/2006,2006,6,15717754,6,15,16,40,43,1,2
7/7/2006,2006,7,16742474,7,9,18,35,43,5,7
7/14/2006,2006,7,13170048,1,7,17,31,36,2,8
7/21/2006,2006,7,13518062,2,4,9,38,50,6,8
7/28/2006,2006,7,12946230,3,8,12,29,43,6,7
8/4/2006,2006,8,13256158,1,14,15,26,32,3,7
8/11/2006,2006,8,13482540,27,28,31,46,47,2,5
8/18/2006,2006,8,13505462,12,37,39,40,50,1,2
8/25/2006,2006,8,14526464,10,28,40,47,48,6,8
9/1/2006,2006,9,12723868,3,7,25,45,50,6,9
9/8/2006,2006,9,13196358,1,10,12,32,33,1,8
9/15/2006,2006,9,13971178,6,10,16,26,49,7,9
9/22/2006,2006,9,14768084,10,29,30,45,49,3,8
9/29/2006,2006,9,15584358,1,3,6,18,24,5,8
10/6/2006,2006,10,16414428,5,11,22,35,38,7,8
10/13/2006,2006,10,18754854,2,25,32,38,41,3,5
10/20/2006,2006,10,21997104,10,19,34,45,47,3,6
10/27/2006,2006,10,23726126,3,4,8,44,50,7,8
11/3/2006,2006,11,24719390,11,13,24,44,49,3,9
11/10/2006,2006,11,26550244,14,21,27,30,36,2,3
11/17/2006,2006,11,36592064,12,22,32,33,36,2,6
11/24/2006,2006,11,18143350,5,8,17,25,40,1,5
12/1/2006,2006,12,16343836,4,8,16,37,41,2,5
12/8/2006,2006,12,14419766,16,17,18,36,47,1,2
12/15/2006,2006,12,16666112,9,23,35,37,42,3,7
12/22/2006,2006,12,17149290,9,11,20,38,43,2,3
12/29/2006,2006,12,17757308,6,9,13,14,35,3,4
1/5/2007,2007,1,18060822,17,19,29,36,45,5,6
1/12/2007,2007,1,16262594,8,11,14,19,25,3,5
1/19/2007,2007,1,15565478,5,13,27,33,42,2,4
1/26/2007,2007,1,14940578,11,15,23,30,38,4,9
2/2/2007,2007,2,16821248,14,23,27,30,36,1,6
2/9/2007,2007,2,26667526,14,16,30,36,46,2,8
2/16/2007,2007,2,15715782,8,19,20,39,50,6,9
2/23/2007,2007,2,16238678,2,15,18,20,22,2,5
3/2/2007,2007,3,16875690,3,16,34,38,48,5,8
3/9/2007,2007,3,15066804,2,3,25,43,48,6,9
3/16/2007,2007,3,15640474,4,14,31,45,49,4,9
3/23/2007,2007,3,16151386,5,13,17,40,43,1,3
3/30/2007,2007,3,14981002,9,17,19,41,46,1,8
4/6/2007,2007,4,13240748,15,23,29,41,48,3,6
4/13/2007,2007,4,14972526,7,20,25,38,41,3,7
4/20/2007,2007,4,14888746,23,26,32,41,45,3,7
4/27/2007,2007,4,15319430,7,18,27,36,44,1,2
5/4/2007,2007,5,15915898,6,17,35,41,45,1,5
5/11/2007,2007,5,16498102,7,12,26,29,49,2,6
5/18/2007,2007,5,14590016,26,34,37,39,49,2,6
5/25/2007,2007,5,14616746,25,26,29,49,50,7,8
6/1/2007,2007,6,14547590,6,22,37,41,42,6,9
6/8/2007,2007,6,14291406,1,15,17,25,45,2,8
6/15/2007,2007,6,16540588,5,7,14,21,40,3,8
6/22/2007,2007,6,14798640,11,16,17,22,34,5,6
6/29/2007,2007,6,15282430,8,12,28,33,45,1,3
7/6/2007,2007,7,16320308,4,5,19,39,41,8,9
7/13/2007,2007,7,17585608,9,13,15,31,48,3,6
7/20/2007,2007,7,14935444,10,21,25,26,50,4,9
7/27/2007,2007,7,15477294,1,4,21,29,41,7,8
8/3/2007,2007,8,16041452,10,30,33,37,41,1,8
8/10/2007,2007,8,16693566,23,40,42,43,49,2,6
8/17/2007,2007,8,13817184,2,3,13,38,42,7,8
8/24/2007,2007,8,14912888,1,3,16,42,48,2,3
8/31/2007,2007,8,15843714,6,18,22,23,37,5,6
9/7/2007,2007,9,14966562,2,3,33,34,42,3,5
9/14/2007,2007,9,14708192,5,9,11,29,33,7,9
9/21/2007,2007,9,15590352,1,17,32,35,37,1,8
9/28/2007,2007,9,34830000,22,30,34,35,44,4,5
10/5/2007,2007,10,17495192,11,20,27,35,44,2,5
10/12/2007,2007,10,15125348,21,32,36,46,47,3,4
10/19/2007,2007,10,15984546,7,18,34,35,40,7,8
10/26/2007,2007,10,16697120,7,20,38,40,43,1,8
11/2/2007,2007,11,17674790,3,16,18,19,40,1,2
11/9/2007,2007,11,15982212,5,14,22,25,36,5,6
11/16/2007,2007,11,15875680,9,18,23,33,37,1,8
11/23/2007,2007,11,16090182,2,10,22,29,48,3,9
11/30/2007,2007,11,15536538,12,19,20,30,38,7,9
12/7/2007,2007,12,16261086,2,4,32,43,48,1,7
12/14/2007,2007,12,15823134,8,25,30,36,44,3,4
12/21/2007,2007,12,16763932,7,9,28,37,44,6,7
12/28/2007,2007,12,15574134,20,21,22,31,45,7,9
1/4/2008,2008,1,16506024,10,12,24,25,41,3,5
1/11/2008,2008,1,19436020,8,24,36,49,50,4,8
1/18/2008,2008,1,21452268,14,16,23,40,46,4,8
1/25/2008,2008,1,23774882,2,6,9,19,45,7,8
2/1/2008,2008,2,17873004,22,30,45,47,49,4,9
2/8/2008,2008,2,38355820,17,28,30,38,44,1,4
2/15/2008,2008,2,19345150,12,27,29,45,46,4,7
2/22/2008,2008,2,19494118,4,27,32,46,50,8,9
2/29/2008,2008,2,17887532,12,37,40,47,49,2,9
3/7/2008,2008,3,17252628,2,7,14,17,35,1,6
3/14/2008,2008,3,18054982,13,21,25,35,48,4,8
3/21/2008,2008,3,13634468,2,10,18,22,36,4,6
3/28/2008,2008,3,16737304,5,9,17,29,39,3,6
4/4/2008,2008,4,17634676,11,13,18,37,47,1,6
4/11/2008,2008,4,18853392,6,25,30,45,50,5,7
4/18/2008,2008,4,19884910,3,6,7,27,50,5,9
4/25/2008,2008,4,16621420,4,19,26,27,30,3,8
5/2/2008,2008,5,16385308,2,26,37,45,48,4,8
5/9/2008,2008,5,18192522,8,9,40,42,45,6,7
5/16/2008,2008,5,19149192,6,9,15,25,38,4,9
5/23/2008,2008,5,16109932,5,9,19,21,38,1,7
5/30/2008,2008,5,16382418,5,7,14,20,49,2,8
6/6/2008,2008,6,16548242,7,19,21,40,50,2,9
6/13/2008,2008,6,16822506,13,16,37,44,50,1,9
6/20/2008,2008,6,18073862,8,11,36,37,45,3,5
6/27/2008,2008,6,18732416,5,20,26,44,50,5,7
7/4/2008,2008,7,16137160,7,19,22,27,48,5,7
7/11/2008,2008,7,15808564,9,11,13,19,37,3,4
7/18/2008,2008,7,15766768,10,14,16,29,44,5,6
7/25/2008,2008,7,15066394,7,11,15,24,29,2,7
8/1/2008,2008,8,16601976,1,22,25,40,50,1,8
8/8/2008,2008,8,17132832,4,5,15,16,45,4,7
8/15/2008,2008,8,16142032,11,17,18,26,31,5,6
8/22/2008,2008,8,18751884,7,27,29,39,50,5,7
8/29/2008,2008,8,21244348,2,20,25,37,39,5,8
9/5/2008,2008,9,27329846,7,12,16,17,39,3,8
9/12/2008,2008,9,17933996,19,23,33,37,50,3,7
9/19/2008,2008,9,17594546,14,16,19,20,31,6,9
9/26/2008,2008,9,29222798,14,29,31,33,37,1,2
10/3/2008,2008,10,18965624,4,13,19,23,38,2,3
10/10/2008,2008,10,19380552,4,15,22,31,41,1,6
10/17/2008,2008,10,17453062,3,10,12,42,50,1,5
10/24/2008,2008,10,18217054,7,15,16,17,45,6,9
10/31/2008,2008,10,19477786,3,18,25,34,41,2,5
11/7/2008,2008,11,17312942,1,9,12,17,18,3,4
11/14/2008,2008,11,17115198,8,10,14,21,26,3,4
11/21/2008,2008,11,16564940,9,14,21,49,50,3,8
11/28/2008,2008,11,17395954,8,11,16,25,41,2,4
12/5/2008,2008,12,16743488,4,8,21,35,45,5,8
12/12/2008,2008,12,15968298,2,19,28,42,49,2,7
12/19/2008,2008,12,16061406,28,29,40,46,50,5,7
12/26/2008,2008,12,15700690,1,2,26,44,50,1,7
1/2/2009,2009,1,17622446,29,30,36,37,48,1,6
1/9/2009,2009,1,20584978,7,15,22,28,48,1,4
1/16/2009,2009,1,17300724,3,17,22,49,50,3,6
1/23/2009,2009,1,16669330,32,33,36,40,49,2,8
1/30/2009,2009,1,18163236,4,29,34,35,46,5,8
2/6/2009,2009,2,16658862,10,20,30,36,40,3,5
2/13/2009,2009,2,16897160,22,33,36,40,42,1,2
2/20/2009,2009,2,17741534,9,12,13,14,48,1,2
2/27/2009,2009,2,19868268,5,9,37,44,45,6,9
3/6/2009,2009,3,31796434,13,17,19,25,35,5,6
3/13/2009,2009,3,18530812,12,24,26,36,42,1,4
3/20/2009,2009,3,18372512,12,16,23,31,35,4,6
3/27/2009,2009,3,17322144,25,33,36,38,42,6,7
4/3/2009,2009,4,18125336,2,20,24,32,46,1,9
4/10/2009,2009,4,16402572,9,14,16,37,46,2,4
4/17/2009,2009,4,20973054,4,7,21,44,47,1,5
4/24/2009,2009,4,22559772,4,14,21,24,41,5,8
5/1/2009,2009,5,23977742,5,19,31,38,47,3,5
5/8/2009,2009,5,27654968,4,23,24,29,31,8,9
5/15/2009,2009,5,18207866,8,18,19,20,42,5,9
5/22/2009,2009,5,18011678,4,13,14,33,43,1,6
5/29/2009,2009,5,18767492,2,5,30,37,47,3,6
6/5/2009,2009,6,20239638,11,19,26,35,40,2,5
6/12/2009,2009,6,21150510,6,14,16,34,50,4,6
6/19/2009,2009,6,17504862,4,16,17,20,29,5,7
6/26/2009,2009,6,16876790,6,11,21,30,39,2,8
7/3/2009,2009,7,18088888,21,29,34,46,47,6,8
7/10/2009,2009,7,19779328,6,16,20,42,46,1,6
7/17/2009,2009,7,20631790,2,8,17,32,50,3,7
7/24/2009,2009,7,17280374,14,15,25,35,47,5,9
7/31/2009,2009,7,18376466,5,9,20,21,26,3,6
8/7/2009,2009,8,19065218,10,20,22,24,31,2,7
8/14/2009,2009,8,19975214,5,8,24,30,49,3,9
8/21/2009,2009,8,20966000,4,7,16,31,42,3,5
8/28/2009,2009,8,17220658,8,36,37,41,49,5,7
9/4/2009,2009,9,18628942,6,9,20,38,39,3,9
9/11/2009,2009,9,19451370,12,15,35,42,43,4,6
9/18/2009,2009,9,28510984,6,16,30,38,41,2,4
9/25/2009,2009,9,18539054,6,17,18,21,34,3,9
10/2/2009,2009,10,18189712,22,23,24,29,44,1,5
10/9/2009,2009,10,19410202,7,11,29,46,50,4,7
10/16/2009,2009,10,21449198,12,23,30,31,47,3,4
10/23/2009,2009,10,21597944,6,18,20,29,31,2,8
10/30/2009,2009,10,24099904,9,33,35,38,40,2,6
11/6/2009,2009,11,27713222,11,19,34,43,45,5,9
11/13/2009,2009,11,19131202,13,15,25,26,32,3,4
11/20/2009,2009,11,18917492,5,9,28,43,47,2,9
11/27/2009,2009,11,18437064,5,8,13,15,33,8,9
12/4/2009,2009,12,19447674,18,19,25,30,44,1,3
12/11/2009,2009,12,20046664,20,41,43,44,46,2,9
12/18/2009,2009,12,20909116,14,30,32,35,49,3,8
12/25/2009,2009,12,15411880,4,5,14,17,34,3,5
1/1/2010,2010,1,17292974,9,22,24,27,36,5,7
1/8/2010,2010,1,20835496,4,5,14,44,46,8,9
1/15/2010,2010,1,22652822,11,26,29,49,50,4,7
1/22/2010,2010,1,18692670,4,22,27,36,44,7,9
1/29/2010,2010,1,19671806,9,17,30,39,43,5,7
2/5/2010,2010,2,28838144,34,35,38,39,46,3,4
2/12/2010,2010,2,30934624,1,5,18,38,45,4,6
2/19/2010,2010,2,19512426,12,31,37,38,43,2,3
2/26/2010,2010,2,20607672,7,11,18,29,42,6,7
3/5/2010,2010,3,22078332,12,18,19,43,49,3,9
3/12/2010,2010,3,19087180,1,26,33,36,46,6,7
3/19/2010,2010,3,19157702,10,28,30,38,39,2,7
3/26/2010,2010,3,21698880,8,16,18,37,43,2,6
4/2/2010,2010,4,16355798,12,18,24,26,45,4,5
4/9/2010,2010,4,18596642,7,21,23,24,44,3,4
4/16/2010,2010,4,19579990,9,11,17,26,40,3,9
4/23/2010,2010,4,20506638,3,7,8,43,46,6,8
4/30/2010,2010,4,22181244,6,22,24,25,36,3,8
5/7/2010,2010,5,24622640,3,6,15,21,32,7,9
5/14/2010,2010,5,27452962,1,17,31,43,47,2,3
5/21/2010,2010,5,18794092,7,19,30,38,50,4,7
5/28/2010,2010,5,18541414,4,9,31,32,33,3,7
6/4/2010,2010,6,18031398,4,17,34,40,42,4,9
6/11/2010,2010,6,18135264,2,22,24,36,44,1,2
6/18/2010,2010,6,17703226,2,29,31,32,38,1,4
6/25/2010,2010,6,18283988,1,8,18,28,31,8,9
7/2/2010,2010,7,17321318,12,13,36,41,46,1,8
7/9/2010,2010,7,18237054,9,24,37,39,49,3,9
7/16/2010,2010,7,19420740,38,39,45,46,49,7,8
7/23/2010,2010,7,17096678,4,13,35,37,46,3,9
7/30/2010,2010,7,18066162,3,4,11,28,39,2,8
8/6/2010,2010,8,16700012,13,25,28,29,42,4,5
8/13/2010,2010,8,16520956,4,9,15,21,47,2,7
8/20/2010,2010,8,15887102,5,27,31,40,42,1,6
8/27/2010,2010,8,15905774,1,6,13,30,49,1,9
9/3/2010,2010,9,16718898,13,24,26,47,49,4,8
9/10/2010,2010,9,16957456,17,21,35,41,45,1,5
9/17/2010,2010,9,16737478,17,27,29,38,50,1,3
9/24/2010,2010,9,20409064,1,4,16,40,48,1,9
10/1/2010,2010,10,32064988,1,4,6,27,48,1,6
10/8/2010,2010,10,34806970,9,30,35,39,46,6,8
10/15/2010,2010,10,19270648,2,31,36,38,43,3,7
10/22/2010,2010,10,20153678,4,5,9,11,39,3,5
10/29/2010,2010,10,18756500,16,20,22,32,42,8,9
11/5/2010,2010,11,19757390,21,23,33,40,50,4,5
11/12/2010,2010,11,18839064,7,19,23,29,47,1,6
11/19/2010,2010,11,19760170,12,15,32,36,45,7,9
11/26/2010,2010,11,20895966,9,28,36,41,49,5,7
12/3/2010,2010,12,18527120,8,19,28,32,46,4,7
12/10/2010,2010,12,18653662,2,3,10,33,46,7,8
12/17/2010,2010,12,20541212,3,20,29,35,42,3,8
12/24/2010,2010,12,18213512,19,36,38,42,46,2,8
12/31/2010,2010,12,18695312,2,24,34,38,43,1,7
1/7/2011,2011,1,18606110,1,22,32,48,50,6,7
1/14/2011,2011,1,19541866,2,14,24,39,44,6,7
1/21/2011,2011,1,21191152,3,11,13,18,21,4,5
1/28/2011,2011,1,20538870,13,23,24,41,42,1,5
2/4/2011,2011,2,20793900,2,11,24,35,47,5,9
2/11/2011,2011,2,19435806,12,14,15,19,23,7,8
2/18/2011,2011,2,19960664,2,3,15,45,49,5,9
2/25/2011,2011,2,22056676,12,13,42,45,48,3,9
3/4/2011,2011,3,27706326,11,25,27,28,41,5,8
3/11/2011,2011,3,30150852,17,19,24,37,46,2,7
3/18/2011,2011,3,32974390,1,13,20,26,50,6,7
3/25/2011,2011,3,35555818,6,12,21,27,33,3,7
4/1/2011,2011,4,21388346,4,17,21,22,33,4,8
4/8/2011,2011,4,20605624,21,23,38,47,50,2,6
4/15/2011,2011,4,21544276,4,6,21,39,41,2,6
4/22/2011,2011,4,18869646,11,22,36,45,48,1,4
4/29/2011,2011,4,19299868,15,25,38,40,41,1,2
5/6/2011,2011,5,20469998,11,16,20,22,28,4,9
5/10/2011,2011,5,15270058,3,10,15,28,45,5,7
5/13/2011,2011,5,21722750,9,11,17,36,47,1,2
5/17/2011,2011,5,9343438,20,21,37,45,46,2,3
5/20/2011,2011,5,17458752,10,14,20,25,42,8,11
5/24/2011,2011,5,9054560,16,23,24,26,29,2,9
5/27/2011,2011,5,17126664,9,17,25,28,49,8,9
5/31/2011,2011,5,9955850,1,9,10,22,50,5,11
6/3/2011,2011,6,18138930,4,39,40,49,50,2,5
6/7/2011,2011,6,11422280,6,25,36,38,40,4,10
6/10/2011,2011,6,19303054,3,19,20,37,48,8,11
6/14/2011,2011,6,11961258,5,12,19,41,48,8,10
6/17/2011,2011,6,20269122,11,16,21,22,44,3,8
6/21/2011,2011,6,13819840,17,20,35,49,50,3,4
6/24/2011,2011,6,20054128,5,16,20,30,41,6,11
6/28/2011,2011,6,15160710,15,16,30,44,50,2,3
7/1/2011,2011,7,23656136,8,11,23,31,46,8,9
7/5/2011,2011,7,18592510,11,28,29,47,49,1,5
7/8/2011,2011,7,30399572,12,13,23,40,49,7,10
7/12/2011,2011,7,22260876,17,19,38,42,45,9,10
7/15/2011,2011,7,19785982,6,26,33,34,39,3,4
7/19/2011,2011,7,12154246,3,16,25,26,35,5,9
7/22/2011,2011,7,17455870,4,15,23,49,50,2,6
7/26/2011,2011,7,10359012,1,5,22,25,48,3,11
7/29/2011,2011,7,17632330,12,19,27,37,38,5,10
8/2/2011,2011,8,10586116,5,8,14,24,33,3,8
8/5/2011,2011,8,16670452,13,14,18,32,34,1,10
8/9/2011,2011,8,11068478,7,23,24,34,36,8,11
8/12/2011,2011,8,17329094,7,10,20,27,37,4,7
8/16/2011,2011,8,10064724,1,13,17,18,45,3,8
8/19/2011,2011,8,17493372,6,14,16,28,31,2,11
8/23/2011,2011,8,12400046,4,6,14,42,50,2,4
8/26/2011,2011,8,18752492,12,22,25,33,45,5,7
8/30/2011,2011,8,13941912,2,8,10,19,46,5,9
9/2/2011,2011,9,21802252,12,26,37,38,44,4,7
9/6/2011,2011,9,15719608,35,42,47,48,50,8,9
9/9/2011,2011,9,22664564,5,21,28,31,34,1,2
9/13/2011,2011,9,17703444,9,28,30,32,49,9,10
9/16/2011,2011,9,18131084,2,8,17,39,42,3,10
9/20/2011,2011,9,11213294,9,19,25,36,38,7,11
9/23/2011,2011,9,17391238,6,14,33,34,48,2,6
9/27/2011,2011,9,11806838,18,27,28,35,40,3,5
9/30/2011,2011,9,18145384,5,15,28,31,44,1,6
10/4/2011,2011,10,17125926,14,16,23,38,45,8,11
10/7/2011,2011,10,21931916,18,26,34,38,42,5,8
10/11/2011,2011,10,11935584,1,4,12,16,48,9,10
10/14/2011,2011,10,17140872,12,23,29,32,47,3,5
10/18/2011,2011,10,11970950,18,23,37,46,48,2,10
10/21/2011,2011,10,17824470,2,19,33,37,46,5,8
10/25/2011,2011,10,10685966,12,22,27,28,39,4,10
10/28/2011,2011,10,17306268,16,17,20,39,50,4,8
11/1/2011,2011,11,9541986,14,20,23,45,46,1,11
11/4/2011,2011,11,18444152,11,14,41,43,50,2,9
11/8/2011,2011,11,12682624,1,4,15,29,40,1,5
11/11/2011,2011,11,19549638,1,4,18,23,30,3,7
11/15/2011,2011,11,10435634,6,17,22,45,47,3,11
11/18/2011,2011,11,16079398,4,12,24,39,44,2,4
11/22/2011,2011,11,10634462,16,18,24,38,40,2,4
11/25/2011,2011,11,16750072,14,19,26,28,34,5,8
11/29/2011,2011,11,10176520,11,25,41,45,50,2,7
12/2/2011,2011,12,16425182,7,27,30,40,43,8,9
12/6/2011,2011,12,8715480,19,20,21,34,38,3,9
12/9/2011,2011,12,15611866,12,21,29,44,47,1,2
12/13/2011,2011,12,11232314,7,12,18,33,37,1,11
12/16/2011,2011,12,16497614,2,5,10,23,31,2,5
12/20/2011,2011,12,10219314,1,9,12,14,48,1,7
12/23/2011,2011,12,16393156,7,21,22,24,28,1,11
12/27/2011,2011,12,10719702,19,21,25,26,44,3,7
12/30/2011,2011,12,17623570,16,36,43,44,50,7,8
1/3/2012,2012,1,12070820,3,30,42,45,49,5,10
1/6/2012,2012,1,16184558,1,6,10,12,31,2,7
1/10/2012,2012,1,11639938,4,9,10,30,40,2,9
1/13/2012,2012,1,17385472,13,14,21,27,39,6,8
1/17/2012,2012,1,11414924,12,22,30,31,44,5,6
1/20/2012,2012,1,17246356,2,10,22,27,28,6,8
1/24/2012,2012,1,10284612,1,2,6,20,36,8,11
1/27/2012,2012,1,16169224,10,13,19,39,44,2,6
1/31/2012,2012,1,11105072,9,34,38,43,45,2,4
2/3/2012,2012,2,17162606,16,19,20,25,28,1,10
2/7/2012,2012,2,12138938,3,15,17,28,33,2,4
2/10/2012,2012,2,15876220,3,8,14,31,41,7,11
2/14/2012,2012,2,10757718,14,27,36,42,46,8,11
2/17/2012,2012,2,16352098,4,11,28,38,47,10,11
2/21/2012,2012,2,10824090,11,14,24,25,29,7,11
2/24/2012,2012,2,17162540,3,7,12,26,34,8,10
2/28/2012,2012,2,9744098,1,10,17,33,48,2,3
3/2/2012,2012,3,16060892,5,6,11,30,44,2,6
3/6/2012,2012,3,9970526,23,24,27,37,47,2,6
3/9/2012,2012,3,15689696,3,32,36,39,47,6,9
3/13/2012,2012,3,11114098,1,10,25,43,47,8,9
3/16/2012,2012,3,16285002,3,4,12,23,50,4,7
3/20/2012,2012,3,9092928,15,16,28,30,46,3,4
3/23/2012,2012,3,15101098,9,15,23,31,50,8,11
3/27/2012,2012,3,9440080,24,27,29,34,36,7,8
3/30/2012,2012,3,14182538,4,17,23,36,46,6,10
4/3/2012,2012,4,10193456,1,8,18,25,30,9,10
4/6/2012,2012,4,12435068,11,20,30,35,45,2,3
4/10/2012,2012,4,10321440,22,25,27,36,37,5,9
4/13/2012,2012,4,16273052,8,13,26,39,43,3,5
4/17/2012,2012,4,9580492,10,28,33,48,49,1,10
4/20/2012,2012,4,14846612,3,6,29,32,41,10,11
4/24/2012,2012,4,9949882,8,9,24,43,48,3,5
4/27/2012,2012,4,15338884,20,27,30,36,43,1,6
5/1/2012,2012,5,7777270,4,5,15,19,41,9,11
5/4/2012,2012,5,14951256,3,26,39,40,41,1,2
5/8/2012,2012,5,10226734,3,21,34,38,48,5,8
5/11/2012,2012,5,15387678,1,13,17,38,44,2,11
5/15/2012,2012,5,10666320,2,11,13,26,50,2,5
5/18/2012,2012,5,16227896,13,29,43,47,50,9,11
5/22/2012,2012,5,12393570,16,31,32,37,41,1,7
5/25/2012,2012,5,17969314,12,22,35,46,49,2,8
5/29/2012,2012,5,14586974,8,15,17,25,28,3,11
6/1/2012,2012,6,21124724,2,4,14,26,36,9,10
6/5/2012,2012,6,17166426,13,34,37,47,49,8,9
6/8/2012,2012,6,23367476,5,11,22,34,40,9,11
6/12/2012,2012,6,10532820,8,15,26,30,48,9,10
6/15/2012,2012,6,15656338,10,22,27,38,48,3,7
6/19/2012,2012,6,9990802,7,17,20,35,50,5,11
6/22/2012,2012,6,14552284,14,18,19,43,49,3,7
6/26/2012,2012,6,10135694,1,11,20,22,35,8,10
6/29/2012,2012,6,15192818,14,17,28,29,39,1,11
7/3/2012,2012,7,10991352,2,7,22,27,40,3,6
7/6/2012,2012,7,16114338,31,32,38,40,42,1,3
7/10/2012,2012,7,11754902,1,3,16,24,37,1,8
7/13/2012,2012,7,17270770,8,18,25,35,46,4,9
7/17/2012,2012,7,12745632,2,7,24,43,46,8,10
7/20/2012,2012,7,18480662,10,19,23,45,49,9,10
7/24/2012,2012,7,14094992,4,16,18,25,44,1,11
7/27/2012,2012,7,19441230,14,15,21,23,48,2,10
7/31/2012,2012,7,16110580,4,29,35,36,39,8,9
8/3/2012,2012,8,21930090,24,34,35,42,46,1,5
8/7/2012,2012,8,18951686,20,27,34,46,50,2,3
8/10/2012,2012,8,23893794,11,17,21,48,50,9,10
8/14/2012,2012,8,10876580,1,16,38,42,45,9,10
8/17/2012,2012,8,14383162,19,25,28,33,44,2,8
8/21/2012,2012,8,10896746,4,5,17,38,48,3,4
8/24/2012,2012,8,15408176,5,6,12,19,37,3,7
8/28/2012,2012,8,9973826,1,18,25,26,44,4,5
8/31/2012,2012,8,15074306,16,28,31,33,48,7,11
9/4/2012,2012,9,11184930,11,17,18,39,44,5,10
9/7/2012,2012,9,15830700,13,15,30,35,42,4,6
9/11/2012,2012,9,9907172,6,15,22,37,44,2,4
9/14/2012,2012,9,15112382,3,10,23,27,44,7,9
9/18/2012,2012,9,9956782,6,7,38,39,44,7,9
9/21/2012,2012,9,14814798,4,19,34,41,43,7,11
9/25/2012,2012,9,10522552,7,25,27,48,49,1,4
9/28/2012,2012,9,19023444,20,23,26,30,33,6,9
10/2/2012,2012,10,10152874,4,16,21,36,42,7,8
10/5/2012,2012,10,15276640,9,16,18,19,21,2,3
10/9/2012,2012,10,10615248,2,8,10,23,25,8,9
10/12/2012,2012,10,14154608,6,7,17,35,43,2,8
10/16/2012,2012,10,11222822,10,32,40,41,49,2,8
10/19/2012,2012,10,15949208,16,29,37,40,44,8,10
10/23/2012,2012,10,11967192,1,28,35,38,50,2,10
10/26/2012,2012,10,17597652,5,6,9,27,38,5,11
10/30/2012,2012,10,13784512,23,24,25,31,44,2,3
11/2/2012,2012,11,18800204,3,6,10,11,44,3,4
11/6/2012,2012,11,15311852,7,20,25,35,41,1,9
11/9/2012,2012,11,20818890,14,21,22,28,47,4,5
11/13/2012,2012,11,17020018,11,16,21,24,29,2,6
11/16/2012,2012,11,15359874,10,15,19,23,41,2,9
11/20/2012,2012,11,10793180,28,30,42,45,49,5,10
11/23/2012,2012,11,14412270,1,9,11,20,40,1,5
11/27/2012,2012,11,10434402,6,10,23,44,49,1,7
11/30/2012,2012,11,15162842,10,18,23,24,40,3,4
12/4/2012,2012,12,11330406,5,10,28,29,44,2,4
12/7/2012,2012,12,15047204,10,16,18,31,42,2,5
12/11/2012,2012,12,11632548,1,4,9,43,50,6,8
12/14/2012,2012,12,16222646,10,11,29,40,43,3,11
12/18/2012,2012,12,12428968,14,18,20,35,44,2,5
12/21/2012,2012,12,17826852,3,5,22,40,42,3,10
12/25/2012,2012,12,6948048,14,18,20,23,32,3,10
12/28/2012,2012,12,15084742,17,24,26,27,49,3,5
1/1/2013,2013,1,7840662,2,7,8,36,49,1,11
1/4/2013,2013,1,13933828,4,10,22,27,41,8,10
1/8/2013,2013,1,10058374,2,20,22,26,47,5,9
1/11/2013,2013,1,15103794,4,22,29,37,41,4,7
1/15/2013,2013,1,9787262,22,38,40,42,47,1,11
1/18/2013,2013,1,14238028,4,26,27,30,39,3,10
1/22/2013,2013,1,10004242,1,10,44,45,48,1,4
1/25/2013,2013,1,14641168,3,10,18,31,37,2,4
1/29/2013,2013,1,9397922,9,16,26,36,39,2,6
2/1/2013,2013,2,13487114,5,21,34,37,38,1,6
2/5/2013,2013,2,9690810,6,25,31,40,45,6,7
2/8/2013,2013,2,13932298,9,11,14,34,44,10,11
2/12/2013,2013,2,9991030,5,11,16,25,28,7,9
2/15/2013,2013,2,14613532,2,4,22,28,42,4,9
2/19/2013,2013,2,10558302,12,15,28,30,44,8,9
2/22/2013,2013,2,13133228,15,16,28,36,37,2,11
2/26/2013,2013,2,9500442,3,12,13,17,30,2,6
3/1/2013,2013,3,13657720,1,11,29,36,42,4,5
3/5/2013,2013,3,9984844,8,19,31,33,39,2,7
3/8/2013,2013,3,14401558,3,20,23,28,42,8,11
3/12/2013,2013,3,9277928,2,4,10,22,50,5,8
3/15/2013,2013,3,13093408,4,14,21,24,39,3,10
3/19/2013,2013,3,9135492,19,32,35,37,44,1,9
3/22/2013,2013,3,19987810,12,27,32,34,49,8,9
3/26/2013,2013,3,14114124,4,26,30,42,44,6,11
3/29/2013,2013,3,15480808,13,30,43,44,46,5,9
4/2/2013,2013,4,9440758,12,17,25,29,41,1,4
4/5/2013,2013,4,13977334,1,11,17,32,39,2,7
4/9/2013,2013,4,9315928,15,35,38,44,48,5,10
4/12/2013,2013,4,13649740,5,10,15,28,45,3,9
4/16/2013,2013,4,8988150,1,11,22,33,50,4,6
4/19/2013,2013,4,12627610,1,8,42,46,48,4,7
4/23/2013,2013,4,8899402,1,4,7,10,50,4,11
4/26/2013,2013,4,13222934,11,16,24,38,40,2,5
4/30/2013,2013,4,9135182,13,36,40,43,50,5,9
5/3/2013,2013,5,12337912,3,5,34,40,49,2,3
5/7/2013,2013,5,9440656,13,27,28,42,43,4,6
5/10/2013,2013,5,13754942,1,32,35,45,48,4,11
5/14/2013,2013,5,10403108,7,8,24,27,36,5,11
5/17/2013,2013,5,14220436,6,20,24,25,50,9,10
5/21/2013,2013,5,10893402,7,8,19,28,29,5,9
5/24/2013,2013,5,15215482,7,17,22,27,40,2,3
5/28/2013,2013,5,12029024,8,13,26,34,38,3,11
5/31/2013,2013,5,12729264,27,28,29,34,43,5,10
6/4/2013,2013,6,9689252,31,33,34,37,40,1,6
6/7/2013,2013,6,19695896,7,14,26,45,50,2,7
6/11/2013,2013,6,13763406,5,7,9,25,41,1,5
6/14/2013,2013,6,18001046,10,25,41,47,48,6,10
6/18/2013,2013,6,14198260,17,24,33,41,44,1,11
6/21/2013,2013,6,19154422,10,11,30,36,45,1,2
6/25/2013,2013,6,15402510,4,5,13,27,35,1,2
6/28/2013,2013,6,13621874,1,15,28,35,47,1,7
7/2/2013,2013,7,9195520,11,13,14,28,30,4,5
7/5/2013,2013,7,13057558,4,12,15,28,33,1,10
7/9/2013,2013,7,9459130,16,18,31,38,49,4,10
7/12/2013,2013,7,12350170,18,26,32,33,42,2,3
7/16/2013,2013,7,9081944,19,23,34,47,50,4,6
7/19/2013,2013,7,12054890,13,16,24,26,35,2,5
7/23/2013,2013,7,8561454,14,15,16,19,44,4,5
7/26/2013,2013,7,11677556,12,23,29,38,49,3,4
7/30/2013,2013,7,8752966,3,4,11,14,43,1,6
8/2/2013,2013,8,12200502,21,36,37,42,48,4,7
8/6/2013,2013,8,9220360,17,47,16,49,31,3,11
8/9/2013,2013,8,12982884,4,7,9,23,24,8,9
8/13/2013,2013,8,10064140,5,17,20,47,50,1,4
8/16/2013,2013,8,12874754,20,24,27,37,39,5,10
8/20/2013,2013,8,10697272,5,11,42,49,50,8,11
8/23/2013,2013,8,14450762,1,6,26,30,37,5,8
8/27/2013,2013,8,8928822,7,30,38,40,43,2,6
8/30/2013,2013,8,12789704,2,17,25,36,45,5,9
9/3/2013,2013,9,9032904,5,9,16,18,42,7,9
9/6/2013,2013,9,13002990,11,23,25,32,37,4,7
9/10/2013,2013,9,8917548,7,11,14,28,30,2,10
9/13/2013,2013,9,12867678,4,6,14,27,33,5,10
9/17/2013,2013,9,9661492,13,17,21,42,44,9,11
9/20/2013,2013,9,13583718,5,11,35,38,45,2,3
9/24/2013,2013,9,9904186,10,20,26,28,43,9,11
9/27/2013,2013,9,13923216,11,15,38,41,43,2,6
10/1/2013,2013,10,8998060,19,23,25,44,48,8,9
10/4/2013,2013,10,12880696,6,20,24,35,50,5,10
10/8/2013,2013,10,9611276,23,24,26,33,42,3,5
10/11/2013,2013,10,13603798,6,12,17,23,43,5,9
10/15/2013,2013,10,10072816,18,27,39,43,47,4,7
10/18/2013,2013,10,12386118,5,25,36,46,47,2,6
10/22/2013,2013,10,8962672,29,33,39,41,44,9,11
10/25/2013,2013,10,12645166,2,3,10,31,38,6,10
10/29/2013,2013,10,8657580,9,10,30,32,37,2,6
11/1/2013,2013,11,10750590,7,19,29,30,33,3,8
11/5/2013,2013,11,9059638,6,12,13,35,38,2,3
11/8/2013,2013,11,12155132,20,28,35,42,43,8,10
11/12/2013,2013,11,9076946,14,29,37,40,48,2,11
11/15/2013,2013,11,21601490,3,13,15,29,42,1,4
11/19/2013,2013,11,8603506,14,15,19,36,45,1,10
11/22/2013,2013,11,12702676,13,25,26,40,50,8,9
11/26/2013,2013,11,9342660,19,23,27,42,44,3,5
11/29/2013,2013,11,12418970,2,7,10,23,43,4,7
12/3/2013,2013,12,8759958,6,13,15,29,32,2,9
12/6/2013,2013,12,11342416,1,2,18,31,36,7,10
12/10/2013,2013,12,9185846,6,24,35,49,50,1,7
12/13/2013,2013,12,13162358,1,22,23,24,31,6,11
12/17/2013,2013,12,10065280,6,8,27,37,41,7,10
12/20/2013,2013,12,13690342,12,13,17,22,43,3,10
12/24/2013,2013,12,11121284,5,19,31,43,50,2,6
12/27/2013,2013,12,14488634,1,6,13,22,28,5,10
12/31/2013,2013,12,13262804,13,20,24,29,45,3,7
1/3/2014,2014,1,16715222,3,27,31,38,44,3,8
1/7/2014,2014,1,13959974,2,20,27,33,45,6,10
1/10/2014,2014,1,14054286,1,2,11,27,29,1,10
1/14/2014,2014,1,9755592,18,20,25,26,37,10,11
1/17/2014,2014,1,13316434,19,26,32,33,42,4,10
1/21/2014,2014,1,9902016,4,12,35,42,48,5,8
1/24/2014,2014,1,13411900,5,19,34,35,41,1,5
1/28/2014,2014,1,10136012,18,20,23,42,48,2,9
1/31/2014,2014,1,14503922,8,10,15,16,31,8,9
2/4/2014,2014,2,8828778,1,21,33,37,38,4,8
2/7/2014,2014,2,12685800,3,17,19,46,47,9,10
2/11/2014,2014,2,8647274,8,17,25,41,47,1,2
2/14/2014,2014,2,12465706,2,4,6,19,39,2,7
2/18/2014,2014,2,8469046,23,26,36,37,49,6,7
2/21/2014,2014,2,11951546,13,17,28,30,32,5,7
2/25/2014,2014,2,9164674,21,25,28,35,42,4,6
2/28/2014,2014,2,13343046,12,32,38,43,44,2,7
3/4/2014,2014,3,9135760,3,5,22,27,44,1,6
3/7/2014,2014,3,21678792,5,10,38,40,41,1,8
3/11/2014,2014,3,14312708,1,4,23,33,44,7,8
3/14/2014,2014,3,19067946,6,24,25,27,30,5,9
3/18/2014,2014,3,9217912,8,27,34,36,39,5,10
3/21/2014,2014,3,13142752,7,30,37,39,42,5,7
3/25/2014,2014,3,8505090,7,20,26,28,50,2,8
3/28/2014,2014,3,12939396,3,4,19,28,43,3,7
4/1/2014,2014,4,8684048,16,18,26,38,44,8,10
4/4/2014,2014,4,12198612,6,10,28,45,50,10,11
4/8/2014,2014,4,8907376,11,18,29,42,49,4,11
4/11/2014,2014,4,12684348,8,12,19,30,33,4,11
4/15/2014,2014,4,9322308,3,14,26,47,50,7,11
4/18/2014,2014,4,10649304,21,24,31,39,47,3,7
4/22/2014,2014,4,9278358,13,15,20,24,46,1,8
4/25/2014,2014,4,13634436,13,21,24,44,49,1,9
4/29/2014,2014,4,10603086,18,23,26,35,44,3,11
5/2/2014,2014,5,13550074,4,30,31,38,42,2,11
5/6/2014,2014,5,8576820,5,19,24,31,37,1,9
5/9/2014,2014,5,12031580,3,21,26,28,45,7,10
5/13/2014,2014,5,9032254,4,13,30,34,47,2,6
5/16/2014,2014,5,12478330,23,26,29,37,40,3,4
5/20/2014,2014,5,9254932,5,33,36,38,47,4,9
5/23/2014,2014,5,12904156,3,8,31,34,47,9,11
5/27/2014,2014,5,10206454,7,13,16,25,26,1,6
5/30/2014,2014,5,14398338,5,24,27,41,45,6,7
6/3/2014,2014,6,11661752,2,15,32,39,44,5,10
6/6/2014,2014,6,20240354,7,25,34,40,49,9,11
6/10/2014,2014,6,13641320,12,18,21,32,33,1,11
6/13/2014,2014,6,18461210,16,18,22,28,46,9,11
6/17/2014,2014,6,8832042,11,13,37,40,48,8,9
6/20/2014,2014,6,12416050,5,15,25,38,49,1,2
6/24/2014,2014,6,8014864,1,7,20,21,48,4,7
6/27/2014,2014,6,12568746,31,33,34,39,45,2,10
7/1/2014,2014,7,9429684,18,22,25,27,39,5,10
7/4/2014,2014,7,13135588,4,18,39,43,47,2,6
7/8/2014,2014,7,9796846,8,18,22,24,27,4,11
7/11/2014,2014,7,13594380,5,22,35,38,49,4,7
7/15/2014,2014,7,10371890,15,18,20,27,34,1,3
7/18/2014,2014,7,11856210,1,11,29,41,43,3,11
7/22/2014,2014,7,8728052,1,24,43,45,50,5,8
7/25/2014,2014,7,11992042,9,10,12,24,43,5,9
7/29/2014,2014,7,9476218,10,23,35,40,43,3,9
8/1/2014,2014,8,12027828,24,44,46,48,50,5,10
8/5/2014,2014,8,8938832,5,7,19,21,42,5,11
8/8/2014,2014,8,12150806,21,29,35,43,46,1,9
8/12/2014,2014,8,9172932,7,16,19,22,33,2,5
8/15/2014,2014,8,11050820,4,5,21,23,30,8,10
8/19/2014,2014,8,9510460,4,7,11,34,47,7,8
8/22/2014,2014,8,11303944,4,17,29,35,49,1,2
8/26/2014,2014,8,8744972,10,22,36,45,48,4,11
8/29/2014,2014,8,12086794,2,9,26,32,38,3,6
9/2/2014,2014,9,9298180,5,25,31,39,45,1,8
9/5/2014,2014,9,12834438,1,18,23,46,50,3,9
9/9/2014,2014,9,9796032,8,15,19,24,35,8,10
9/12/2014,2014,9,14074552,9,13,26,31,33,7,11
9/16/2014,2014,9,10999648,4,29,30,35,50,2,4
9/19/2014,2014,9,14940718,6,8,34,38,48,3,9
9/23/2014,2014,9,8771132,12,13,14,29,35,1,7
9/26/2014,2014,9,12506354,13,27,35,46,47,1,2
9/30/2014,2014,9,9816882,3,13,15,33,42,5,7
10/3/2014,2014,10,21013896,4,13,23,48,50,5,10
10/7/2014,2014,10,14627378,9,21,28,30,38,1,8
10/10/2014,2014,10,19092236,6,29,42,45,47,9,10
10/14/2014,2014,10,15545700,4,5,15,23,32,3,7
10/17/2014,2014,10,21053432,1,13,40,48,49,8,10
10/21/2014,2014,10,17918064,20,21,27,33,40,3,10
10/24/2014,2014,10,22433578,3,9,20,30,42,1,6
10/28/2014,2014,10,9529882,10,15,17,40,45,1,2
10/31/2014,2014,10,12871954,10,13,20,33,41,3,9
11/4/2014,2014,11,9406236,1,6,13,17,26,3,5
11/7/2014,2014,11,13330330,13,25,32,38,46,1,10
11/11/2014,2014,11,8883884,2,14,21,36,46,7,11
11/14/2014,2014,11,12675936,17,32,36,38,48,5,8
11/18/2014,2014,11,9399578,2,3,17,36,38,4,11
11/21/2014,2014,11,13036046,4,7,28,32,37,5,10
11/25/2014,2014,11,10228260,3,7,25,32,36,1,6
11/28/2014,2014,11,14296152,6,10,15,23,41,4,10
12/2/2014,2014,12,11474996,3,15,25,44,49,1,9
12/5/2014,2014,12,12751836,5,8,37,47,48,2,3
12/9/2014,2014,12,8497834,1,3,31,42,46,4,11
12/12/2014,2014,12,13094350,2,15,28,31,37,4,6
12/16/2014,2014,12,9835182,3,7,12,13,25,5,8
12/19/2014,2014,12,12205996,23,29,31,39,44,5,8
12/23/2014,2014,12,9319490,8,9,19,25,49,2,10
12/26/2014,2014,12,11239432,17,26,27,45,49,2,3
12/30/2014,2014,12,9663254,6,18,39,44,50,8,11
1/2/2015,2015,1,11167246,22,24,25,28,49,3,6
1/6/2015,2015,1,7631362,14,20,30,38,49,3,4
1/9/2015,2015,1,14167638,6,21,24,32,45,1,11
1/13/2015,2015,1,9526898,8,17,21,31,34,9,10
1/16/2015,2015,1,12760208,29,30,32,34,46,3,6
1/20/2015,2015,1,9442860,15,33,41,44,47,8,10
1/23/2015,2015,1,12129228,6,29,30,38,45,1,8
1/27/2015,2015,1,9342394,5,10,31,33,40,8,10
1/30/2015,2015,1,12137140,9,13,15,19,24,3,8
2/3/2015,2015,2,8846306,17,31,33,44,50,7,11
2/6/2015,2015,2,11861260,10,26,30,39,50,7,8
2/10/2015,2015,2,9034966,13,17,20,30,45,9,10
2/13/2015,2015,2,12365544,12,24,39,42,44,3,11
2/17/2015,2015,2,9242296,2,5,18,30,43,1,10
2/20/2015,2015,2,13115868,4,10,14,37,46,4,7
2/24/2015,2015,2,10128432,3,25,28,34,50,1,11
2/27/2015,2015,2,14954368,5,14,17,25,47,9,10
3/3/2015,2015,3,12477332,6,8,11,13,21,7,8
3/6/2015,2015,3,22900812,23,30,47,49,50,2,7
3/10/2015,2015,3,9570282,2,6,23,30,31,2,10
3/13/2015,2015,3,13586250,4,5,18,22,23,1,3
3/17/2015,2015,3,9926664,11,23,26,38,44,1,8
3/20/2015,2015,3,13119652,3,14,37,42,48,1,10
3/24/2015,2015,3,10089796,10,24,26,39,40,3,10
3/27/2015,2015,3,14074196,2,30,32,39,44,6,10
3/31/2015,2015,3,11211446,8,20,24,28,49,8,9
4/3/2015,2015,4,10456446,27,29,37,39,49,2,4
4/7/2015,2015,4,9170388,18,25,39,44,50,5,8
4/10/2015,2015,4,12431348,22,23,25,30,43,5,9
4/14/2015,2015,4,9412036,24,32,34,35,49,1,2
4/17/2015,2015,4,12898244,2,24,30,34,39,8,11
4/21/2015,2015,4,9661702,6,14,17,42,45,1,8
4/24/2015,2015,4,13486938,5,19,29,31,40,3,10
4/28/2015,2015,4,8819700,24,26,28,36,45,7,10
5/1/2015,2015,5,11056066,3,19,20,25,26,6,10
5/5/2015,2015,5,9336020,1,10,17,20,42,8,9
5/8/2015,2015,5,13047206,7,14,19,47,49,3,10
5/12/2015,2015,5,9765130,14,29,30,40,46,3,6
5/15/2015,2015,5,11445924,5,35,42,44,47,8,9
5/19/2015,2015,5,8687246,26,30,31,35,37,8,11
5/22/2015,2015,5,12009648,18,24,35,44,45,5,11
5/26/2015,2015,5,9158254,5,6,7,21,24,5,6
5/29/2015,2015,5,11631640,3,4,20,45,48,6,8
6/2/2015,2015,6,9359858,7,23,29,37,41,1,8
6/5/2015,2015,6,21822548,2,7,8,45,48,1,9
6/9/2015,2015,6,14197606,5,9,17,32,34,6,8
6/12/2015,2015,6,19212000,5,8,10,11,37,7,9
6/16/2015,2015,6,8899984,10,15,16,36,37,3,9
6/19/2015,2015,6,12341964,7,14,20,31,42,3,9
6/23/2015,2015,6,8415768,4,16,22,38,49,6,9
6/26/2015,2015,6,11984548,3,6,10,19,24,5,7
6/30/2015,2015,6,8410160,11,15,28,34,37,1,8
7/3/2015,2015,7,11835292,11,12,15,18,44,3,9
7/7/2015,2015,7,8849218,6,7,18,33,41,3,10
7/10/2015,2015,7,12181878,5,8,15,35,41,4,5
7/14/2015,2015,7,8311670,6,18,19,34,36,1,8
7/17/2015,2015,7,11533036,1,21,22,43,48,7,9
7/21/2015,2015,7,8643230,14,20,27,29,44,7,10
7/24/2015,2015,7,11760862,2,9,21,35,46,2,11
7/28/2015,2015,7,8152750,23,32,36,43,49,7,8
7/31/2015,2015,7,11443114,16,21,34,40,50,6,9
8/4/2015,2015,8,8026164,10,15,39,45,50,9,10
8/7/2015,2015,8,10955868,1,5,21,39,44,4,11
8/11/2015,2015,8,8419372,2,3,8,15,16,4,11
8/14/2015,2015,8,11455068,4,7,39,44,45,3,5
8/18/2015,2015,8,7902496,7,10,11,12,19,2,9
8/21/2015,2015,8,10967592,4,16,18,43,47,6,10
8/25/2015,2015,8,8486240,27,31,33,42,50,2,5
8/28/2015,2015,8,10903916,11,29,30,31,34,4,7
9/1/2015,2015,9,8193178,6,19,21,27,45,1,8
9/4/2015,2015,9,11453726,8,9,27,45,50,8,10
9/8/2015,2015,9,8352272,14,16,39,40,42,1,4
9/11/2015,2015,9,10956620,10,18,19,29,50,1,9
9/15/2015,2015,9,8332326,8,15,17,44,49,5,8
9/18/2015,2015,9,11339130,7,29,33,34,39,7,8
9/22/2015,2015,9,8556498,14,23,26,27,29,7,10
9/25/2015,2015,9,11627970,13,14,23,30,37,2,8
9/29/2015,2015,9,8169136,11,14,26,29,49,3,9
10/2/2015,2015,10,11059274,7,18,21,32,35,2,11
10/6/2015,2015,10,8188950,11,20,22,29,32,1,8
10/9/2015,2015,10,11402724,1,40,42,43,47,9,11
10/13/2015,2015,10,7867762,12,15,26,29,47,3,11
10/16/2015,2015,10,11593548,7,28,29,43,48,3,10
10/20/2015,2015,10,8884504,17,19,21,30,45,8,10
10/23/2015,2015,10,12059532,7,25,30,32,39,2,8
10/27/2015,2015,10,9101998,11,12,20,25,36,6,9
10/30/2015,2015,10,12849136,8,13,17,21,34,6,7
11/3/2015,2015,11,9739724,8,27,39,46,49,2,6
11/6/2015,2015,11,19323890,3,17,26,38,40,4,10
11/10/2015,2015,11,14202868,6,13,18,39,43,2,8
11/13/2015,2015,11,19079316,10,17,18,33,40,2,8
11/17/2015,2015,11,15396570,6,7,23,37,38,10,11
11/20/2015,2015,11,21267816,4,30,34,46,49,7,8
11/24/2015,2015,11,8807430,9,14,16,17,26,10,11
11/27/2015,2015,11,12717972,16,29,30,37,50,6,8
12/1/2015,2015,12,9636350,2,15,25,35,45,8,10
12/4/2015,2015,12,13201888,8,17,18,27,39,1,7
12/8/2015,2015,12,7214294,12,17,29,38,48,9,11
12/11/2015,2015,12,13554704,3,5,21,40,43,6,11
12/15/2015,2015,12,10783224,8,11,23,27,35,4,11
12/18/2015,2015,12,14611758,6,22,26,29,48,5,6
12/22/2015,2015,12,8663044,18,19,20,40,41,7,10
12/25/2015,2015,12,9700078,3,10,25,27,40,3,9
12/29/2015,2015,12,9728226,5,20,31,32,36,6,7
1/1/2016,2016,1,10348014,4,37,38,39,44,4,7
1/5/2016,2016,1,10612304,6,10,31,36,39,6,10
1/8/2016,2016,1,14301916,5,26,33,35,40,3,8
1/12/2016,2016,1,11579736,1,2,10,30,44,1,8
1/15/2016,2016,1,16590022,10,19,38,43,46,1,11
1/19/2016,2016,1,12854178,2,30,38,43,46,2,7
1/22/2016,2016,1,17942726,10,12,27,30,47,8,9
1/26/2016,2016,1,14761940,15,24,38,40,48,2,9
1/29/2016,2016,1,19438746,1,5,23,29,32,1,7
2/2/2016,2016,2,9720376,6,9,10,21,36,2,6
2/5/2016,2016,2,12765166,3,27,32,41,46,4,8
2/9/2016,2016,2,9620274,6,9,13,28,37,4,5
2/12/2016,2016,2,13362182,3,20,28,31,49,2,5
2/16/2016,2016,2,9202680,3,10,22,37,50,6,10
2/19/2016,2016,2,12620468,13,14,30,32,39,3,9
2/23/2016,2016,2,9709982,23,25,32,37,42,1,11
2/26/2016,2016,2,12343764,5,13,15,33,50,9,11
3/1/2016,2016,3,9020900,4,7,13,28,37,10,11
3/4/2016,2016,3,12689224,9,14,16,23,40,1,5
3/8/2016,2016,3,9627022,1,8,9,14,23,1,7
3/11/2016,2016,3,13151406,1,21,26,40,43,6,9
3/15/2016,2016,3,10039498,5,7,10,34,44,2,10
3/18/2016,2016,3,13467914,14,19,21,24,49,5,11
3/22/2016,2016,3,8734742,12,15,26,42,49,5,8
3/25/2016,2016,3,9861354,12,19,36,42,43,5,8
3/29/2016,2016,3,9055296,1,4,19,25,36,3,11
4/1/2016,2016,4,12904830,2,16,23,25,49,6,9
4/5/2016,2016,4,10066642,3,5,9,19,40,2,5
4/8/2016,2016,4,13483572,6,8,26,43,49,6,10
4/12/2016,2016,4,10651362,1,5,9,22,38,2,10
4/15/2016,2016,4,11979836,13,14,32,37,48,1,7
4/19/2016,2016,4,9170296,11,14,15,27,44,2,7
4/22/2016,2016,4,12260612,17,26,32,34,43,2,10
4/26/2016,2016,4,9576048,10,17,31,32,42,2,5
4/29/2016,2016,4,12887050,4,5,25,28,43,6,11
5/3/2016,2016,5,9571164,8,23,24,34,38,3,7
5/6/2016,2016,5,13458206,32,34,40,45,48,1,10
5/10/2016,2016,5,10855522,2,26,27,40,49,5,10
5/13/2016,2016,5,11876490,7,15,28,31,42,10,11
5/17/2016,2016,5,8523940,15,27,32,36,39,3,10
5/20/2016,2016,5,11824818,9,14,30,41,45,4,9
5/24/2016,2016,5,9116386,16,17,23,34,37,6,9
5/27/2016,2016,5,12472094,13,25,27,43,46,4,8
5/31/2016,2016,5,9826238,6,12,26,30,48,6,7
6/3/2016,2016,6,13369080,7,23,31,33,39,6,10
6/7/2016,2016,6,10436328,19,26,35,45,49,2,5
6/10/2016,2016,6,14260014,14,21,35,42,43,7,9
6/14/2016,2016,6,8393328,13,34,39,42,50,9,11
6/17/2016,2016,6,11483054,1,7,18,27,43,4,8
6/21/2016,2016,6,8660758,5,17,32,35,49,1,5
6/24/2016,2016,6,11260390,11,19,27,28,39,3,10
6/28/2016,2016,6,8189570,26,32,37,43,49,4,5
7/1/2016,2016,7,11383488,2,11,13,40,50,1,10
7/5/2016,2016,7,8223844,1,10,29,38,48,3,4
7/8/2016,2016,7,11236548,8,12,18,33,44,4,8
7/12/2016,2016,7,8587748,3,7,26,33,41,2,10
7/15/2016,2016,7,11565288,2,11,13,14,21,1,8
7/19/2016,2016,7,8790218,19,24,28,36,37,3,6
7/22/2016,2016,7,11781608,7,24,26,37,45,5,9
7/26/2016,2016,7,9202840,3,10,13,45,49,2,11
7/29/2016,2016,7,13079736,1,21,26,40,50,2,4
8/2/2016,2016,8,8346900,2,8,27,38,46,2,6
8/5/2016,2016,8,11481076,16,19,24,35,37,2,7
8/9/2016,2016,8,8754998,12,19,43,44,45,5,10
8/12/2016,2016,8,11672332,2,15,28,36,50,2,11
8/16/2016,2016,8,8003998,2,26,34,37,46,4,8
8/19/2016,2016,8,11828956,5,6,22,25,34,5,7
8/23/2016,2016,8,8123478,2,23,31,37,45,4,8
8/26/2016,2016,8,11551264,1,9,28,30,48,7,8
8/30/2016,2016,8,9000944,13,16,29,35,42,6,8
9/2/2016,2016,9,12226098,8,16,32,40,50,2,11
9/6/2016,2016,9,8457578,12,24,30,34,45,7,10
9/9/2016,2016,9,11806584,4,11,15,17,28,1,3
9/13/2016,2016,9,9011174,4,7,16,35,44,1,3
9/16/2016,2016,9,12378022,5,8,14,22,32,2,11
9/20/2016,2016,9,8714360,1,4,10,41,45,6,9
9/23/2016,2016,9,12455416,14,16,39,42,49,3,9
9/27/2016,2016,9,10167885.2,6,9,13,39,41,2,12
9/30/2016,2016,9,24073436.2,17,35,37,43,44,2,10
10/4/2016,2016,10,15332114.6,4,7,14,34,38,4,11
10/7/2016,2016,10,19250961.4,2,12,20,27,30,9,11
10/11/2016,2016,10,16288228,5,12,20,24,37,4,11
10/14/2016,2016,10,13272404.2,7,13,19,31,34,1,11
10/18/2016,2016,10,9885761.6,2,17,21,25,27,6,9
10/21/2016,2016,10,12939451.8,9,20,23,44,48,8,10
10/25/2016,2016,10,10017700,3,15,20,21,28,1,5
10/28/2016,2016,10,12925033,10,16,19,23,43,2,8
11/1/2016,2016,11,7553957.4,6,10,20,29,37,1,9
11/4/2016,2016,11,12593845,7,11,12,44,48,3,7
11/8/2016,2016,11,9277857.6,5,9,47,49,50,8,9
11/11/2016,2016,11,11623715.4,3,22,23,38,49,2,9
11/15/2016,2016,11,8697055.4,7,15,36,42,48,3,7
11/18/2016,2016,11,11735178.4,3,12,27,32,47,6,8
11/22/2016,2016,11,8871093,5,10,33,34,47,2,10
11/25/2016,2016,11,12229839.6,5,11,17,23,28,10,11
11/29/2016,2016,11,8443025.8,21,26,27,28,38,9,11
12/2/2016,2016,12,11908366.8,6,11,23,31,32,2,12
12/6/2016,2016,12,7394184.6,1,7,11,27,45,4,9
12/9/2016,2016,12,11349775.8,6,12,28,37,40,1,5
12/13/2016,2016,12,9153018.6,14,28,29,48,50,2,8
12/16/2016,2016,12,11953134.6,6,10,30,41,45,4,11
12/20/2016,2016,12,9623336.8,13,15,17,21,27,2,3
12/23/2016,2016,12,11534969.6,4,16,20,39,46,2,5
12/27/2016,2016,12,8110553,3,22,25,32,39,7,12
12/30/2016,2016,12,11456376.8,8,10,22,29,47,1,3
1/3/2017,2017,1,8439820.4,19,23,27,34,49,1,11
1/6/2017,2017,1,10059579.2,10,14,18,21,49,9,11
1/10/2017,2017,1,9929233.6,2,11,29,35,44,4,9
1/13/2017,2017,1,12942993.8,3,7,16,26,50,4,7
1/17/2017,2017,1,10009205.8,4,16,25,43,47,2,10
1/20/2017,2017,1,13294516.4,10,17,27,31,49,3,5
1/24/2017,2017,1,11017069.8,1,5,7,17,23,3,8
1/27/2017,2017,1,11614086,17,20,28,45,48,5,9
1/31/2017,2017,1,8911929.4,3,4,17,23,44,6,9
2/3/2017,2017,2,11292254.6,3,4,15,46,50,5,9
2/7/2017,2017,2,8666097,4,10,31,38,44,8,10
2/10/2017,2017,2,11610753,7,21,26,35,43,2,9
2/14/2017,2017,2,9259544.8,2,10,24,40,44,3,10
2/17/2017,2017,2,11159841,19,25,33,36,48,2,9
2/21/2017,2017,2,8269615.2,13,19,41,45,49,3,4
2/24/2017,2017,2,11726807.4,2,4,13,22,43,8,9
2/28/2017,2017,2,8370036.4,10,20,31,35,42,2,12
3/3/2017,2017,3,11958667.6,2,11,29,30,47,1,12
3/7/2017,2017,3,9431802.6,6,37,41,48,50,4,5
3/10/2017,2017,3,12913575.4,31,36,38,47,49,8,11
3/14/2017,2017,3,10330962.4,3,5,21,36,44,3,6
3/17/2017,2017,3,10967783.2,6,10,19,29,36,3,9
3/21/2017,2017,3,8116873.6,1,20,23,44,47,4,11
3/24/2017,2017,3,11174114.6,2,17,21,27,34,5,9
3/28/2017,2017,3,8795998.2,9,13,31,33,46,6,10
3/31/2017,2017,3,11942042.2,17,24,26,28,45,4,12
4/4/2017,2017,4,9553282.2,1,9,24,33,34,2,6
4/7/2017,2017,4,12578394.4,2,10,19,35,50,6,7
4/11/2017,2017,4,10220548.8,5,21,22,31,49,2,8
4/14/2017,2017,4,9017690,4,14,20,23,33,6,10
4/18/2017,2017,4,7896127.8,17,22,31,38,45,5,12
4/21/2017,2017,4,10867835,2,13,16,22,49,4,5
4/25/2017,2017,4,8396597,9,11,19,32,43,3,9
4/28/2017,2017,4,11483212.4,14,20,25,30,39,2,8
5/2/2017,2017,5,7937635.2,6,19,23,25,27,11,12
5/5/2017,2017,5,12472394,3,7,30,35,43,1,3
5/9/2017,2017,5,10191867.4,8,12,16,22,26,6,7
5/12/2017,2017,5,13569003.8,2,20,28,29,44,3,9
5/16/2017,2017,5,10827962.2,8,11,15,20,30,3,8
5/19/2017,2017,5,15387006.8,9,11,12,19,30,4,9
5/23/2017,2017,5,12683440,8,15,25,27,42,1,4
5/26/2017,2017,5,16272597,5,7,26,36,39,2,10
5/30/2017,2017,5,13467539.8,7,12,27,38,48,6,9
6/2/2017,2017,6,17515663,8,10,24,33,42,3,9
6/6/2017,2017,6,8375525.4,20,22,25,37,40,3,7
6/9/2017,2017,6,11215712.2,9,20,27,39,43,10,11
6/13/2017,2017,6,8571974.4,3,12,22,27,49,4,11
6/16/2017,2017,6,11401002.8,15,17,38,41,42,9,12
6/20/2017,2017,6,8819069.6,11,18,26,43,44,8,10
6/23/2017,2017,6,11848045,3,4,21,31,38,3,7
6/27/2017,2017,6,10114154.6,9,17,21,28,45,1,3
6/30/2017,2017,6,17374240.4,17,35,39,47,50,6,8
7/4/2017,2017,7,8339058.2,10,22,25,37,49,5,8
7/7/2017,2017,7,11404789,11,20,35,37,45,3,6
7/11/2017,2017,7,8205975.8,14,22,26,42,50,8,10
7/14/2017,2017,7,10704020.8,11,14,20,21,47,7,10
7/18/2017,2017,7,8063429,1,25,27,41,45,5,7
7/21/2017,2017,7,11003341.8,1,8,9,26,49,5,9
7/25/2017,2017,7,8274222,12,14,43,44,48,2,11
7/28/2017,2017,7,11388476,5,9,29,31,41,2,4
8/1/2017,2017,8,7836169,14,21,24,29,30,8,10
8/4/2017,2017,8,10454688.2,29,30,36,40,41,2,9
8/8/2017,2017,8,8014459.2,15,25,26,40,41,4,5
8/11/2017,2017,8,10061431.6,18,28,39,46,48,5,12
8/15/2017,2017,8,6479649,10,14,30,35,46,4,10
8/18/2017,2017,8,10139544.8,2,24,39,42,45,2,8
8/22/2017,2017,8,8026970.6,3,10,12,17,27,3,5
8/25/2017,2017,8,10022667.6,1,5,7,15,47,9,12
8/29/2017,2017,8,7689360.8,4,12,15,32,38,1,5
9/1/2017,2017,9,10680868,3,7,8,14,49,5,8
9/5/2017,2017,9,7952104.6,6,9,18,28,29,1,9
9/8/2017,2017,9,10875440.4,9,24,42,47,49,1,5
9/12/2017,2017,9,8823918.4,10,17,27,29,35,4,11
9/15/2017,2017,9,20437183.8,13,18,37,44,49,9,12
9/19/2017,2017,9,13376616,1,8,21,30,45,2,3
9/22/2017,2017,9,16644306.8,6,11,31,39,42,1,3
9/26/2017,2017,9,14080948.2,1,29,40,41,48,6,12
9/29/2017,2017,9,17932149.4,7,18,19,32,48,3,7
10/3/2017,2017,10,15486840.6,6,24,32,48,50,1,5
10/6/2017,2017,10,18681350.6,1,9,15,19,25,1,7
10/10/2017,2017,10,8313111.4,4,21,34,36,37,3,6
10/13/2017,2017,10,11069031.6,23,29,37,45,50,5,11
10/17/2017,2017,10,8943413.6,13,17,19,26,36,2,3
10/20/2017,2017,10,11846747,4,17,23,27,30,3,8
10/24/2017,2017,10,9166982,9,11,13,27,33,7,10
10/27/2017,2017,10,10826046,3,16,23,32,39,1,4
10/31/2017,2017,10,8248336.8,1,12,36,43,46,3,5
11/3/2017,2017,11,10587440.6,5,12,17,33,41,4,9
11/7/2017,2017,11,7953026.4,7,19,20,37,41,2,12
11/10/2017,2017,11,10675977.4,13,22,29,36,37,1,9
11/14/2017,2017,11,8066946.8,14,16,39,40,41,8,10
11/17/2017,2017,11,11036929.2,20,26,35,36,42,5,12
11/21/2017,2017,11,8635134.2,2,10,14,28,31,5,7
11/24/2017,2017,11,11649246.4,19,24,28,30,50,3,10
11/28/2017,2017,11,9952703.2,1,6,12,18,42,2,7
12/1/2017,2017,12,13169646.6,5,24,29,35,46,11,12
12/5/2017,2017,12,11223491.4,11,36,43,44,48,2,7
12/8/2017,2017,12,12392472.4,4,22,30,32,34,3,4
12/12/2017,2017,12,12262819.8,20,37,39,44,50,4,8
12/15/2017,2017,12,15229007.2,25,30,31,42,50,2,11
12/19/2017,2017,12,13046708.4,8,15,30,38,46,4,7
12/22/2017,2017,12,11621629.8,5,24,30,31,43,3,6
12/26/2017,2017,12,7123597.8,4,17,30,43,44,2,10
12/29/2017,2017,12,12196991.4,4,8,22,23,48,1,12
1/2/2018,2018,1,7304743.6,10,20,21,28,48,1,8
1/5/2018,2018,1,11501355.8,2,5,20,38,41,4,8
1/9/2018,2018,1,9553214,6,12,15,38,49,2,9
1/12/2018,2018,1,13407508.4,13,21,23,30,45,4,6
1/16/2018,2018,1,10208272.8,20,23,31,34,46,3,12
1/19/2018,2018,1,13284642.8,3,8,17,44,50,2,7
1/23/2018,2018,1,10603513.8,5,8,9,23,24,7,8
1/26/2018,2018,1,13695932.8,6,15,24,28,48,4,9
1/30/2018,2018,1,11219835,11,15,21,27,35,4,5
2/2/2018,2018,2,15186219.4,14,34,36,39,48,2,3
2/6/2018,2018,2,12576828,8,17,28,34,38,6,12
2/9/2018,2018,2,16716935.4,22,31,36,38,44,1,11
2/13/2018,2018,2,13135828.2,10,13,17,21,44,1,10
2/16/2018,2018,2,17275170,10,12,23,32,50,4,10
2/20/2018,2018,2,14017493.6,6,14,19,25,29,5,11
2/23/2018,2018,2,19213332.6,10,17,18,28,47,3,7
2/27/2018,2018,2,8572306.6,3,31,41,48,50,8,11
3/2/2018,2018,3,11972144.8,2,7,34,45,48,1,12
3/6/2018,2018,3,9422415.2,15,20,26,31,44,2,9
3/9/2018,2018,3,12562085.8,9,14,21,32,44,1,12
3/13/2018,2018,3,9893142.6,9,11,13,33,49,6,12
3/16/2018,2018,3,11316181.8,4,17,24,27,31,10,11
3/20/2018,2018,3,8347825.2,26,29,37,39,44,9,11
3/23/2018,2018,3,11529540,5,7,11,46,50,8,11
3/27/2018,2018,3,9043977.8,17,20,23,40,46,9,10
3/30/2018,2018,3,10000542.2,12,17,28,35,47,7,11
4/3/2018,2018,4,9093244.6,3,8,16,40,43,5,8
4/6/2018,2018,4,12750960.2,1,29,33,45,47,4,8
4/10/2018,2018,4,8160537,14,27,39,46,48,11,12
4/13/2018,2018,4,11655272.2,5,25,34,48,50,6,7
4/17/2018,2018,4,9109322.2,15,27,33,39,50,4,6
4/20/2018,2018,4,20648443.2,3,16,25,39,44,7,11
4/24/2018,2018,4,13060102,20,23,28,30,44,3,7
4/27/2018,2018,4,11658548,12,24,40,41,46,5,12
5/1/2018,2018,5,7157871.6,6,15,17,42,48,4,6
5/4/2018,2018,5,11654825.6,6,12,23,39,45,9,12
5/8/2018,2018,5,8969822.4,17,25,35,39,44,2,5
5/11/2018,2018,5,10896692.4,3,22,34,49,50,8,11
5/15/2018,2018,5,8061033.2,4,16,20,31,39,2,12
5/18/2018,2018,5,11005759.6,5,8,10,13,31,3,6
5/22/2018,2018,5,8330768.6,1,11,37,41,48,8,12
5/25/2018,2018,5,11480484.4,13,15,16,28,41,4,5
5/29/2018,2018,5,8924011.8,6,11,20,38,43,2,4
6/1/2018,2018,6,12144657.8,17,18,24,29,40,4,5
6/5/2018,2018,6,7820388.4,9,15,22,39,46,4,5
6/8/2018,2018,6,10396799.6,8,19,32,43,46,2,8
6/12/2018,2018,6,7682327.4,7,21,23,36,38,6,8
6/15/2018,2018,6,10345539.6,23,26,33,38,49,1,12
6/19/2018,2018,6,7814934.6,7,19,26,42,50,4,9
6/22/2018,2018,6,9801222.2,14,25,39,41,44,2,8
6/26/2018,2018,6,7475936.6,15,16,20,34,50,4,7
6/29/2018,2018,6,10285138.6,15,21,23,40,48,3,12
7/3/2018,2018,7,7970267.8,1,12,15,29,48,3,5
7/6/2018,2018,7,10735390.6,8,30,33,38,48,2,10
7/10/2018,2018,7,8605531,3,8,26,33,45,7,10
7/13/2018,2018,7,10224755.2,1,4,14,21,49,2,12
7/17/2018,2018,7,7490056.2,4,6,27,48,50,1,11
7/20/2018,2018,7,10273366.4,2,15,40,43,46,3,6
7/24/2018,2018,7,7940486.4,2,4,23,39,40,3,9
7/27/2018,2018,7,10842933.2,11,17,22,23,41,6,11
7/31/2018,2018,7,8452699.2,20,25,34,42,45,6,11
8/3/2018,2018,8,11265498.2,7,26,36,38,43,6,12
8/7/2018,2018,8,8755997.8,16,28,29,30,36,8,10
8/10/2018,2018,8,11805061.4,18,20,36,43,44,3,9
8/14/2018,2018,8,9585340.6,1,15,18,25,31,9,11
8/17/2018,2018,8,11928186.6,2,15,18,24,43,8,12
8/21/2018,2018,8,10475946.8,16,23,42,43,49,10,12
8/24/2018,2018,8,10072341.4,3,14,31,36,50,1,12
8/28/2018,2018,8,7904630.8,4,16,32,42,46,8,12
8/31/2018,2018,8,10595516.8,4,30,31,38,42,4,6
9/4/2018,2018,9,8534675.6,5,14,28,30,47,4,11
9/7/2018,2018,9,10224110.6,4,23,27,31,50,1,8
9/11/2018,2018,9,7805012.6,9,18,32,38,46,2,3
9/14/2018,2018,9,10898170.8,1,3,33,40,45,3,4
9/18/2018,2018,9,8759042.6,3,8,10,32,45,4,12
9/21/2018,2018,9,20074980.2,5,7,21,25,37,3,4
9/25/2018,2018,9,12983427.6,6,15,20,30,38,4,7
9/28/2018,2018,9,17544353.2,2,4,8,27,50,2,9
10/2/2018,2018,10,14094418.8,7,17,29,37,45,3,11
10/5/2018,2018,10,11559695.4,8,16,24,26,35,3,11
10/9/2018,2018,10,7944098.8,3,12,36,44,45,8,11
10/12/2018,2018,10,9746198,4,9,12,31,43,5,8
10/16/2018,2018,10,8398060,15,28,37,40,42,1,6
10/19/2018,2018,10,10970918.2,1,3,29,47,48,3,12
10/23/2018,2018,10,8642704.4,1,2,5,21,32,2,12
10/26/2018,2018,10,11607741.2,5,18,21,31,35,6,9
10/30/2018,2018,10,9008089.2,17,23,27,43,44,1,12
11/2/2018,2018,11,11527630.4,5,15,17,37,44,7,11
11/6/2018,2018,11,7747449.6,14,24,36,40,43,2,9
11/9/2018,2018,11,10191904.8,14,17,32,37,49,11,12
11/13/2018,2018,11,8077183.4,2,7,10,13,42,3,6
11/16/2018,2018,11,10446290.8,9,10,13,28,41,1,12
11/20/2018,2018,11,7338445.4,6,19,39,45,48,7,12
11/23/2018,2018,11,9819755,5,8,25,26,30,3,10
11/27/2018,2018,11,7683469.2,4,16,17,18,32,2,11
11/30/2018,2018,11,10342686.2,3,10,12,23,26,1,12
12/4/2018,2018,12,8115041,19,20,21,42,45,8,9
12/7/2018,2018,12,10406653.4,11,17,26,37,48,1,10
12/11/2018,2018,12,8492125.4,4,7,13,23,42,1,3
12/14/2018,2018,12,11071546.2,12,29,38,42,44,2,12
12/18/2018,2018,12,9163308,1,9,18,39,48,5,7
12/21/2018,2018,12,12663239.6,2,12,15,34,50,3,4
12/25/2018,2018,12,7592752.2,4,5,8,31,43,2,9
12/28/2018,2018,12,14287717.4,13,16,34,35,45,10,12
1/1/2019,2019,1,8652470.2,1,8,11,25,28,4,6
1/4/2019,2019,1,10896441.6,7,11,19,27,37,6,10
1/8/2019,2019,1,8812782,3,19,22,31,32,2,11
1/11/2019,2019,1,11906094.2,1,19,31,39,48,1,6
1/15/2019,2019,1,8982314,22,25,29,33,35,3,6
1/18/2019,2019,1,11599222.8,5,6,16,30,46,5,10
1/22/2019,2019,1,9046635.4,9,23,29,41,49,8,10
1/25/2019,2019,1,12159675,1,6,13,15,16,6,10
1/29/2019,2019,1,9962242.4,14,24,26,32,39,3,8
2/1/2019,2019,2,19450490.4,3,21,26,41,46,1,6
2/5/2019,2019,2,12947420.2,14,25,31,37,43,2,3
2/8/2019,2019,2,16896948.2,11,12,13,39,46,7,10
2/12/2019,2019,2,13398976.8,6,34,36,41,50,1,5
2/15/2019,2019,2,16917232.2,15,27,34,38,49,2,10
2/19/2019,2019,2,13828579.6,1,8,18,19,39,7,9
2/22/2019,2019,2,11533458.2,3,27,29,33,50,3,7
2/26/2019,2019,2,8837837.8,3,15,29,35,47,3,4
3/1/2019,2019,3,11597007.4,6,9,19,26,31,11,12
3/5/2019,2019,3,9344064.4,6,10,16,39,46,8,11
3/8/2019,2019,3,12630611.4,17,18,19,24,40,4,8
3/12/2019,2019,3,9861814.6,5,7,13,19,31,2,9
3/15/2019,2019,3,12874679.4,3,15,24,42,46,9,12
3/19/2019,2019,3,7987606,1,6,9,34,47,7,12
3/22/2019,2019,3,11057147.2,4,17,26,30,43,6,11
3/26/2019,2019,3,8900111,12,19,23,43,47,2,6
3/29/2019,2019,3,11889383,13,23,26,32,47,6,10
4/2/2019,2019,4,9260662.4,2,9,16,26,36,6,7
4/5/2019,2019,4,12362939.6,1,7,10,29,45,3,5
4/9/2019,2019,4,9519329.6,18,21,29,38,41,1,11
4/12/2019,2019,4,10951745.2,1,28,35,36,46,6,9
4/16/2019,2019,4,8404475.2,1,8,15,44,49,2,11
4/19/2019,2019,4,9233961,7,8,32,41,49,5,11
4/23/2019,2019,4,8207447.6,18,23,27,42,44,2,7
4/26/2019,2019,4,10493078.2,14,33,35,47,50,9,11
4/30/2019,2019,4,8369185,5,12,20,26,48,2,11
5/3/2019,2019,5,9788072.8,2,9,20,27,43,5,6
5/7/2019,2019,5,8221369.2,7,20,26,32,47,2,11
5/10/2019,2019,5,10220562,1,4,27,45,48,1,7
5/14/2019,2019,5,8120488.2,10,14,17,25,50,2,10
5/17/2019,2019,5,10675009.4,16,28,42,43,45,6,7
5/21/2019,2019,5,8502608.4,32,33,34,39,47,8,12
5/24/2019,2019,5,11178585,5,16,23,30,49,6,7
5/28/2019,2019,5,8900685.2,7,19,20,28,29,1,5
5/31/2019,2019,5,10399085.4,1,23,24,26,35,1,11
6/4/2019,2019,6,8740498.8,9,31,32,39,41,2,8
6/7/2019,2019,6,19684847.6,1,4,16,20,34,2,5
6/11/2019,2019,6,13426322.8,25,27,39,42,46,11,12
6/14/2019,2019,6,11437355.6,1,13,30,31,39,2,7
6/18/2019,2019,6,8327303.6,12,24,37,40,44,3,7
6/21/2019,2019,6,11027726.6,5,8,9,25,39,3,7
6/25/2019,2019,6,8340587.2,6,26,27,34,46,1,9
6/28/2019,2019,6,11490850.8,1,3,16,33,49,2,11
7/2/2019,2019,7,9266318.6,11,19,29,44,45,8,12
7/5/2019,2019,7,12149502.2,2,9,20,34,42,6,9
7/9/2019,2019,7,9953937.4,7,29,32,36,41,6,7
7/12/2019,2019,7,12723977.2,2,31,39,45,47,4,8
7/16/2019,2019,7,10394672.2,3,5,13,18,39,7,8
7/19/2019,2019,7,13509086.8,13,14,17,26,28,2,7
7/23/2019,2019,7,7683236,1,14,19,23,38,3,7
7/26/2019,2019,7,10439800.8,2,5,27,37,42,3,10
7/30/2019,2019,7,8555351.2,15,20,23,27,40,3,6
8/2/2019,2019,8,11337361.2,13,22,33,44,50,2,5
8/6/2019,2019,8,8868719.2,12,13,29,36,38,4,12
8/9/2019,2019,8,11672146.2,2,14,35,41,42,10,11
8/13/2019,2019,8,9466661.6,13,29,31,33,40,2,3
8/16/2019,2019,8,11272135.6,9,10,27,37,42,1,5
8/20/2019,2019,8,9866520.4,20,22,23,24,37,1,4
8/23/2019,2019,8,13520700.6,4,17,35,42,45,2,8
8/27/2019,2019,8,11375249.6,8,26,35,43,47,1,9
8/30/2019,2019,8,14455841.4,25,27,45,46,49,4,6
9/3/2019,2019,9,12734779.2,7,11,38,39,44,7,10
9/6/2019,2019,9,16008900.6,10,13,22,40,48,2,5
9/10/2019,2019,9,13515937.6,3,22,25,30,49,3,6
9/13/2019,2019,9,16944340.6,1,12,27,42,47,6,7
9/17/2019,2019,9,14836837.4,22,37,43,44,45,1,12
9/20/2019,2019,9,18634002.2,8,21,25,38,50,4,8
9/24/2019,2019,9,16792474.6,2,33,42,47,48,1,2
9/27/2019,2019,9,20294650.2,24,37,41,43,46,2,8
10/1/2019,2019,10,17335667.8,2,11,18,40,46,1,4
10/4/2019,2019,10,20318148.4,6,9,35,41,44,6,9
10/8/2019,2019,10,19969092,7,10,15,44,49,3,12
10/11/2019,2019,10,12859448.8,2,14,19,42,45,5,6
10/15/2019,2019,10,9385499.2,3,28,31,32,34,4,5
10/18/2019,2019,10,11984181,8,18,22,41,42,11,12
10/22/2019,2019,10,9521826.6,2,5,32,33,47,7,8
10/25/2019,2019,10,12462443.4,34,37,39,40,50,4,10
10/29/2019,2019,10,10284111.2,16,18,28,42,49,5,10
11/1/2019,2019,11,11760661,2,20,39,44,48,5,7
11/5/2019,2019,11,10580361,9,14,25,33,48,2,12
11/8/2019,2019,11,13338041.2,8,17,20,23,45,2,8
11/12/2019,2019,11,11275167.2,1,21,23,25,39,2,4
11/15/2019,2019,11,14067706.4,3,13,20,32,34,4,11
11/19/2019,2019,11,11899687.8,8,10,15,30,42,4,6
11/22/2019,2019,11,11373601.8,3,21,32,34,48,3,11
11/26/2019,2019,11,9188836.8,2,3,15,19,34,5,8
11/29/2019,2019,11,12043794.4,3,7,12,42,50,6,8
12/3/2019,2019,12,9721736.2,18,31,32,38,48,4,12
12/6/2019,2019,12,10305369.8,1,3,27,39,46,1,10
12/10/2019,2019,12,8863250,2,10,19,21,47,2,8
12/13/2019,2019,12,11688600,9,16,18,23,32,2,10
12/17/2019,2019,12,9425182.8,1,7,12,25,49,6,9
12/20/2019,2019,12,10837928.2,8,24,30,32,34,3,4
12/24/2019,2019,12,8819338,3,11,13,14,47,3,6
12/27/2019,2019,12,11073882.6,1,7,22,26,35,5,10
12/31/2019,2019,12,10069923.6,26,31,33,41,48,2,4
1/3/2020,2020,1,11786506.6,5,15,20,36,47,8,12
1/7/2020,2020,1,9848264.8,5,8,12,37,43,6,11
1/10/2020,2020,1,14231366.6,6,17,32,44,46,2,6
1/14/2020,2020,1,11323340.6,21,25,29,39,44,8,9
1/17/2020,2020,1,14535936.8,8,19,20,29,44,3,8
1/21/2020,2020,1,8312172,10,11,24,36,46,3,5
1/24/2020,2020,1,11164524.8,3,4,6,9,24,5,8
1/28/2020,2020,1,8481033,1,19,27,31,38,4,5
1/31/2020,2020,1,11130752.6,13,18,20,23,30,2,4
2/4/2020,2020,2,9346365.6,21,23,33,35,47,6,7
2/7/2020,2020,2,16802955.4,9,15,17,25,40,3,9
2/11/2020,2020,2,8819899,24,26,32,43,46,6,10
2/14/2020,2020,2,11283261,5,20,35,41,49,6,10
2/18/2020,2020,2,8800492.8,11,32,34,38,47,2,10
2/21/2020,2020,2,11574752.2,7,23,30,32,45,5,9
2/25/2020,2020,2,9185468.6,1,4,18,27,42,4,6
2/28/2020,2020,2,12042762.6,8,11,20,22,23,3,4
3/3/2020,2020,3,8433152.2,4,14,27,44,45,1,10
3/6/2020,2020,3,11178994.2,15,38,43,45,46,1,11
3/10/2020,2020,3,8832307,11,23,30,37,43,5,12
3/13/2020,2020,3,11086116.8,3,11,21,27,36,9,10
3/17/2020,2020,3,856620.6,5,7,8,16,20,2,12
3/20/2020,2020,3,516018.8,3,9,20,34,40,6,12
3/24/2020,2020,3,0,7,12,26,30,33,10,11
3/27/2020,2020,3,0,11,14,27,41,46,2,3
3/31/2020,2020,3,0,12,17,24,30,36,1,9
4/3/2020,2020,4,0,16,19,34,46,50,2,6
4/7/2020,2020,4,0,4,5,14,33,48,7,12
4/10/2020,2020,4,0,3,10,17,33,39,1,4
4/14/2020,2020,4,0,6,29,34,35,40,4,11
4/17/2020,2020,4,0,16,28,32,37,45,1,11
4/21/2020,2020,4,0,10,11,14,23,28,6,8
4/24/2020,2020,4,0,1,5,19,21,28,4,7
4/28/2020,2020,4,0,15,23,26,28,32,1,5
5/1/2020,2020,5,0,19,20,38,45,47,2,6
5/5/2020,2020,5,0,2,10,22,27,41,2,3
5/8/2020,2020,5,0,8,25,32,33,38,7,9
5/12/2020,2020,5,0,9,16,29,37,39,4,11
5/15/2020,2020,5,0,11,23,32,34,39,1,6
5/19/2020,2020,5,6061114.4,5,25,32,37,43,6,7
5/22/2020,2020,5,8255530.8,3,18,22,27,32,2,7
5/26/2020,2020,5,6681125,4,9,14,21,27,4,6
5/29/2020,2020,5,8435620.6,4,8,11,19,46,4,8
6/2/2020,2020,6,6827064.2,10,12,22,26,49,7,11
6/5/2020,2020,6,9305414.8,5,11,17,24,37,3,6
6/9/2020,2020,6,7504068,5,15,27,36,46,2,8
6/12/2020,2020,6,10004372.4,2,24,39,45,46,4,8
6/16/2020,2020,6,7310611,4,9,11,17,39,2,10
6/19/2020,2020,6,9575585.8,5,14,19,24,43,3,11
6/23/2020,2020,6,7664456.8,2,12,19,46,49,1,8
6/26/2020,2020,6,10256708,1,10,12,21,26,5,11
6/30/2020,2020,6,8778275,1,6,11,28,42,2,10
7/3/2020,2020,7,16422632.6,4,16,27,37,39,3,6
7/7/2020,2020,7,12155891,12,16,23,33,41,8,10
7/10/2020,2020,7,10453407.8,15,17,23,30,38,2,7
7/14/2020,2020,7,8195822.8,11,22,30,37,47,9,10
7/17/2020,2020,7,10619976.4,7,15,27,41,43,7,9
7/21/2020,2020,7,8642279.8,14,15,24,29,42,2,4
7/24/2020,2020,7,9998727.2,8,9,27,28,50,4,12
7/28/2020,2020,7,7912075.6,9,13,15,17,34,2,7
7/31/2020,2020,7,10471439,21,24,30,46,49,2,5
8/4/2020,2020,8,8591083.6,1,2,5,15,42,5,8
8/7/2020,2020,8,11352913,5,20,21,36,41,6,11
8/11/2020,2020,8,9475886.2,8,13,14,42,50,3,9
8/14/2020,2020,8,12045913,9,10,19,42,49,4,12
8/18/2020,2020,8,9958258.2,6,12,17,34,42,5,12
8/21/2020,2020,8,13349483.4,10,15,35,44,50,3,5
8/25/2020,2020,8,11755590,7,18,30,37,39,8,10
8/28/2020,2020,8,14899984,7,12,16,17,31,7,9
9/1/2020,2020,9,13389197.8,4,8,10,33,46,8,11
9/4/2020,2020,9,11362863.6,6,22,29,40,43,4,7
9/8/2020,2020,9,8613895.4,2,9,31,35,41,9,12
9/11/2020,2020,9,11302909.2,34,38,42,43,45,9,12
9/15/2020,2020,9,9491867,16,20,25,30,38,6,8
9/18/2020,2020,9,12362911,2,10,19,25,45,1,7
9/22/2020,2020,9,10204495.4,16,25,28,39,40,1,6
9/25/2020,2020,9,17126443.4,19,23,34,37,45,1,7
9/29/2020,2020,9,8633224.6,4,14,16,41,44,11,12
10/2/2020,2020,10,11469046.6,6,12,15,40,45,3,9
10/6/2020,2020,10,8583491.4,4,21,36,41,47,9,11
10/9/2020,2020,10,11269977.4,11,15,35,41,50,5,8
10/13/2020,2020,10,8275414.4,5,14,38,41,46,1,10
10/16/2020,2020,10,11946528,15,33,38,40,50,3,6
10/20/2020,2020,10,9408678.4,5,6,15,37,42,3,4
10/23/2020,2020,10,12392421.8,10,15,19,21,23,3,12
10/27/2020,2020,10,10182134.6,13,15,28,32,44,3,12
10/30/2020,2020,10,11020704.2,12,16,20,21,28,3,9
11/3/2020,2020,11,8356308.4,5,7,18,20,30,6,7
11/6/2020,2020,11,11366150.4,7,12,37,40,50,1,2
11/10/2020,2020,11,9038040,3,19,29,32,38,5,12
11/13/2020,2020,11,12233265,1,5,17,28,31,1,10
11/17/2020,2020,11,9774938.8,16,19,25,30,44,2,6
11/20/2020,2020,11,17109175.6,28,29,39,48,50,5,7
11/24/2020,2020,11,13164786.8,25,33,38,42,50,8,12
11/27/2020,2020,11,16997787.4,2,5,8,14,16,8,9
12/1/2020,2020,12,15095273.6,14,20,29,47,49,4,12
12/4/2020,2020,12,21360024.4,14,20,27,34,38,1,11
12/8/2020,2020,12,14231214.8,1,4,21,24,46,2,12
12/11/2020,2020,12,20821501.8,6,9,13,24,41,3,12
12/15/2020,2020,12,9217287.2,9,13,21,29,35,1,2
12/18/2020,2020,12,12015759.8,2,3,13,17,21,7,8
12/22/2020,2020,12,10025771.8,2,10,16,42,50,4,11
12/25/2020,2020,12,9395207.8,16,21,27,30,32,3,5
12/29/2020,2020,12,9555535,7,32,39,40,45,3,8
1/1/2021,2021,1,10308174.8,16,28,32,44,48,1,9
1/5/2021,2021,1,9160738.4,12,34,37,38,42,1,3
1/8/2021,2021,1,11697791.6,18,23,37,41,42,4,6
1/12/2021,2021,1,9325828.6,2,10,18,34,35,6,9
1/15/2021,2021,1,12209430.2,4,10,27,38,40,3,11
1/19/2021,2021,1,9658541.2,25,27,31,35,43,5,6
1/22/2021,2021,1,12176953.8,8,16,42,44,47,6,7
1/26/2021,2021,1,8380768,5,7,25,37,40,2,8
1/29/2021,2021,1,11083245.8,1,5,27,36,42,1,6
2/2/2021,2021,2,9488591.2,18,20,35,38,48,9,12
2/5/2021,2021,2,18036095,12,19,37,44,45,2,6
2/9/2021,2021,2,13694874.6,5,10,24,31,37,9,10
2/12/2021,2021,2,17638735.4,7,23,30,32,36,8,12
2/16/2021,2021,2,14775893,5,9,25,29,30,6,7
2/19/2021,2021,2,21121005.4,4,12,25,46,48,7,12
2/23/2021,2021,2,18277916.8,9,18,30,39,45,1,3
2/26/2021,2021,2,21835479.6,6,12,22,29,33,6,11
3/2/2021,2021,3,9278788.2,2,19,24,26,49,6,7
3/5/2021,2021,3,12376289.2,4,5,39,46,48,7,10
3/9/2021,2021,3,9748948,1,16,21,32,33,11,12
3/12/2021,2021,3,12755098.4,4,6,9,11,44,10,11
3/16/2021,2021,3,10178113,23,25,32,35,47,2,6
3/19/2021,2021,3,12362695.4,3,9,35,43,44,1,10
3/23/2021,2021,3,10695403.4,2,26,29,36,49,3,9
3/26/2021,2021,3,14288901,10,12,37,49,50,3,8
3/30/2021,2021,3,11691290.6,24,27,28,29,42,4,8
4/2/2021,2021,4,12442177,4,21,34,40,47,2,5
4/6/2021,2021,4,8645326.8,2,21,37,38,50,7,8
4/9/2021,2021,4,11801957.2,2,8,32,35,44,8,11
4/13/2021,2021,4,9615839.2,16,20,31,47,50,2,8
4/16/2021,2021,4,12157937,6,11,29,40,48,5,9
4/20/2021,2021,4,9730611,5,17,28,41,46,10,11
4/23/2021,2021,4,11006914.6,3,14,15,19,29,2,8
4/27/2021,2021,4,8844761.2,13,14,24,35,49,1,10
4/30/2021,2021,4,11778927.6,1,16,24,28,46,2,11
5/4/2021,2021,5,9261247.6,3,10,13,28,46,4,11
5/7/2021,2021,5,12361283,14,22,33,38,47,8,9
5/11/2021,2021,5,8570463,14,25,34,43,46,5,6
5/14/2021,2021,5,11246787.2,6,16,18,29,38,6,11
5/18/2021,2021,5,8890356.2,5,13,38,39,40,4,12
5/21/2021,2021,5,11585222,2,9,13,15,35,3,10
5/25/2021,2021,5,9488749.6,1,21,26,30,38,2,8
5/28/2021,2021,5,12366096.6,11,13,16,34,40,1,12
6/1/2021,2021,6,10380631.8,3,10,26,35,44,6,7
6/4/2021,2021,6,17701153.8,7,20,36,40,46,2,4
6/8/2021,2021,6,8523845,2,11,26,36,47,7,9
6/11/2021,2021,6,11183541.6,9,17,21,33,39,7,11
6/15/2021,2021,6,8139731.6,11,21,26,30,31,2,3
6/18/2021,2021,6,10781716,11,20,27,30,41,3,5
6/22/2021,2021,6,8713390.4,6,24,26,27,41,3,8
6/25/2021,2021,6,11245040.4,1,29,30,33,36,3,12
6/29/2021,2021,6,9126990.4,6,12,20,24,48,5,6
7/2/2021,2021,7,11856088.2,9,14,29,38,49,7,10
7/6/2021,2021,7,8119361.8,2,5,21,27,42,9,11
7/9/2021,2021,7,10257163.4,6,19,36,37,49,4,11
7/13/2021,2021,7,8299099.6,5,6,8,11,22,3,4
7/16/2021,2021,7,10062351.2,5,16,42,47,49,3,11
7/20/2021,2021,7,8078142.6,3,12,19,41,48,6,9
7/23/2021,2021,7,10454105.2,23,24,26,34,50,2,4
7/27/2021,2021,7,8581496,5,9,19,21,25,10,12
7/30/2021,2021,7,11284735,10,23,33,35,37,5,10
8/3/2021,2021,8,9192117,17,21,23,45,46,7,11
8/6/2021,2021,8,11713532.6,7,14,21,26,32,4,12
8/10/2021,2021,8,9888967,9,37,47,48,49,2,7
8/13/2021,2021,8,13417652.6,6,12,44,47,49,8,12
8/17/2021,2021,8,7649912.6,12,31,41,42,47,4,6
8/20/2021,2021,8,10299425.4,3,9,19,20,23,9,11
8/24/2021,2021,8,8506284.6,19,21,36,44,50,3,10
8/27/2021,2021,8,11135960,2,3,31,46,50,8,12
8/31/2021,2021,8,9193023.4,5,13,17,32,43,2,10
9/3/2021,2021,9,10701702,5,7,13,29,35,3,7
9/7/2021,2021,9,8663815.6,7,19,35,42,43,7,9
9/10/2021,2021,9,10539377.2,1,6,7,18,28,2,8
9/14/2021,2021,9,8572850,12,18,35,38,45,2,8
9/17/2021,2021,9,11689713.2,5,7,8,10,34,1,9
9/21/2021,2021,9,9399926.8,20,25,26,30,38,2,8
9/24/2021,2021,9,18854235.4,2,12,20,27,41,10,12
9/28/2021,2021,9,13448342.6,6,7,12,33,39,1,7
10/1/2021,2021,10,17131743.2,1,15,19,26,48,6,12
10/5/2021,2021,10,14681284.2,11,13,14,36,45,7,9
10/8/2021,2021,10,20395705,1,10,23,42,46,3,5
10/12/2021,2021,10,16665162.8,6,13,22,45,49,10,11
10/15/2021,2021,10,21682456.4,21,26,31,34,49,2,5
10/19/2021,2021,10,9082757.2,4,20,36,40,41,1,6
10/22/2021,2021,10,11841148,12,17,22,33,39,2,12
10/26/2021,2021,10,9496803.8,12,15,20,42,44,1,2
10/29/2021,2021,10,12318231.2,10,15,28,32,49,3,9
11/2/2021,2021,11,9102669.4,2,3,17,29,43,1,4
11/5/2021,2021,11,12900459,2,12,25,30,41,8,11
11/9/2021,2021,11,10353081.2,17,25,26,33,36,1,8
11/12/2021,2021,11,13671952.8,2,9,15,47,50,6,9
11/16/2021,2021,11,11343926,9,19,21,32,36,3,4
11/19/2021,2021,11,14309948.4,22,26,38,47,50,2,6
11/23/2021,2021,11,12183560.4,17,21,36,42,46,7,10
11/26/2021,2021,11,16025358.8,1,20,41,42,50,3,7
11/30/2021,2021,11,8908132.2,19,20,26,33,43,1,4
12/3/2021,2021,12,17199171,21,22,29,32,46,9,10
12/7/2021,2021,12,11889169.6,22,31,38,46,47,7,11
12/10/2021,2021,12,11170654,11,21,33,38,42,2,8
12/14/2021,2021,12,9108732.6,19,21,37,47,48,3,6
12/17/2021,2021,12,11811648.2,1,2,15,30,35,2,7
12/21/2021,2021,12,10064934,12,17,21,34,38,2,3
12/24/2021,2021,12,12099659,2,26,28,34,41,5,10
12/28/2021,2021,12,10283717.4,4,6,15,17,29,9,12
12/31/2021,2021,12,11447594.4,7,22,25,43,49,6,7
1/4/2022,2022,1,8731621.8,18,28,35,36,41,6,11
1/7/2022,2022,1,11940335,2,14,37,44,50,7,11
1/11/2022,2022,1,10322884,4,23,32,33,44,9,12
1/14/2022,2022,1,13156290.4,6,17,25,31,46,9,12
1/18/2022,2022,1,10511080.8,3,12,19,24,30,2,5
1/21/2022,2022,1,18241005.2,5,14,35,36,39,7,12
1/25/2022,2022,1,9502944,6,16,18,39,47,2,4
1/28/2022,2022,1,12733292,10,25,29,34,45,9,10
2/1/2022,2022,2,10509692.6,1,19,36,38,49,6,9
2/4/2022,2022,2,20136402,3,25,38,43,49,3,7
2/8/2022,2022,2,9008016.6,6,20,34,37,43,7,10
2/11/2022,2022,2,12157567.4,13,18,38,42,45,7,11
2/15/2022,2022,2,8775122.4,9,20,31,33,44,2,12
2/18/2022,2022,2,11829448.4,25,38,41,43,50,6,10
2/22/2022,2022,2,9615830.4,5,9,14,26,32,3,7
2/25/2022,2022,2,12374241,10,13,24,30,42,1,5
3/1/2022,2022,3,9625690.8,8,24,26,39,42,3,5
3/4/2022,2022,3,13032100.4,6,20,40,42,43,10,12
3/8/2022,2022,3,8732255.4,12,18,21,25,31,2,9
3/11/2022,2022,3,11456467,12,19,22,23,48,2,6
3/15/2022,2022,3,8901217.6,1,2,12,19,26,2,8
3/18/2022,2022,3,11638316.8,1,9,14,17,43,6,12
3/22/2022,2022,3,8204653.6,7,17,21,29,40,8,11
3/25/2022,2022,3,11066250.8,6,10,24,27,29,5,12
3/29/2022,2022,3,8872619.8,8,11,33,42,43,6,11
4/1/2022,2022,4,11706314.4,2,7,21,31,45,4,10
4/5/2022,2022,4,9306585.2,1,11,13,24,49,5,6
4/8/2022,2022,4,12077832.8,1,15,16,38,45,4,11
4/12/2022,2022,4,9821904.4,21,30,31,35,47,2,10
4/15/2022,2022,4,10790722.8,6,24,30,32,48,5,6
4/19/2022,2022,4,10547004.6,2,12,17,28,46,6,10
4/22/2022,2022,4,14192046,6,11,21,35,36,1,9
4/26/2022,2022,4,12165166.2,4,25,28,34,45,8,11
4/29/2022,2022,4,16876182.4,10,11,20,36,37,3,7
5/3/2022,2022,5,13379656.4,8,20,26,47,48,3,8
5/6/2022,2022,5,18046318.4,3,8,18,24,40,3,11
5/10/2022,2022,5,16506342.6,3,25,27,28,29,4,9
5/13/2022,2022,5,11740990.8,3,11,17,45,48,4,8
5/17/2022,2022,5,8754842.8,5,28,30,48,49,5,11
5/20/2022,2022,5,11392106,8,22,23,32,50,3,9
5/24/2022,2022,5,9339299.2,10,13,27,36,37,2,10
5/27/2022,2022,5,10794051.4,15,23,28,34,48,3,5
5/31/2022,2022,5,8752647.2,3,10,13,42,49,3,9
6/3/2022,2022,6,11278647.6,12,28,29,34,48,9,11
6/7/2022,2022,6,9152268.4,6,16,17,25,31,2,6
6/10/2022,2022,6,11788821,17,26,36,37,40,9,12
6/14/2022,2022,6,8299660.6,2,7,27,34,40,3,11
6/17/2022,2022,6,15795362,19,21,22,31,38,7,11
6/21/2022,2022,6,12166728.2,6,23,36,39,47,8,10
6/24/2022,2022,6,14475166.2,10,17,28,44,50,8,12
6/28/2022,2022,6,12993101,10,35,42,47,48,2,11
7/1/2022,2022,7,16803496.6,6,18,24,34,46,3,12
7/5/2022,2022,7,15458667.4,7,10,25,45,48,3,6
7/8/2022,2022,7,19096734.8,28,31,35,43,46,4,7
7/12/2022,2022,7,15759130.2,14,18,24,25,50,6,11
7/15/2022,2022,7,18548455.2,9,17,29,38,39,7,10
7/19/2022,2022,7,15820118.6,6,23,27,40,41,2,12
7/22/2022,2022,7,11512732,16,18,29,32,50,4,11
7/26/2022,2022,7,8644732.8,3,5,17,25,27,1,9
7/29/2022,2022,7,11597036,3,23,38,43,48,3,8
8/2/2022,2022,8,8423764.8,7,18,28,40,48,8,11
8/5/2022,2022,8,11008575.6,3,29,33,35,44,8,10
8/9/2022,2022,8,8802807.2,18,19,21,27,47,5,11
8/12/2022,2022,8,11312373.6,14,17,34,35,42,6,10
8/16/2022,2022,8,8258360,10,14,25,32,39,7,8
8/19/2022,2022,8,11525423.8,2,9,13,19,38,2,6
8/23/2022,2022,8,9492034.2,19,26,31,39,48,2,3
8/26/2022,2022,8,12861349.6,22,23,25,38,44,11,12
8/30/2022,2022,8,10902353,4,6,10,15,19,1,4
9/2/2022,2022,9,14215687.2,7,12,13,20,45,3,12
9/6/2022,2022,9,8989937,7,10,22,29,44,4,5
9/9/2022,2022,9,16432365.4,17,23,24,26,27,4,9
9/13/2022,2022,9,12832725.4,9,12,15,40,47,1,11
9/16/2022,2022,9,15739853.8,10,27,36,45,49,3,4
9/20/2022,2022,9,13105171.2,11,21,23,32,48,3,12
9/23/2022,2022,9,16419315,14,15,22,35,48,3,8
9/27/2022,2022,9,8743651.4,4,20,21,34,44,1,3
9/30/2022,2022,9,11587237.2,1,2,11,16,26,3,12
10/4/2022,2022,10,9326039.8,3,18,28,42,43,3,12
10/7/2022,2022,10,12012552.2,26,27,42,45,50,1,12
10/11/2022,2022,10,9869851.2,8,23,32,35,40,1,8
10/14/2022,2022,10,11923901,24,28,29,34,48,3,7
10/18/2022,2022,10,9938940,3,5,13,42,48,1,6
10/21/2022,2022,10,13105881.8,25,26,28,38,40,1,6
10/25/2022,2022,10,10887756,7,24,34,39,46,1,6
10/28/2022,2022,10,13891662.4,14,16,21,28,35,1,11
11/1/2022,2022,11,10249797.8,19,37,42,47,48,1,6
11/4/2022,2022,11,15117187.8,2,11,37,45,47,2,3
11/8/2022,2022,11,8447788.8,3,5,32,33,50,1,8
11/11/2022,2022,11,11047495.8,2,19,24,25,44,2,10
11/15/2022,2022,11,8922463,13,21,24,31,33,1,12
11/18/2022,2022,11,11421777.4,13,16,19,35,41,1,11
11/22/2022,2022,11,9029512.8,21,22,24,29,42,3,11
11/25/2022,2022,11,12153119,19,21,35,37,39,2,6
11/29/2022,2022,11,9907752.8,15,20,24,35,38,8,12
12/2/2022,2022,12,15668543,12,21,35,39,45,6,11
12/6/2022,2022,12,10727483.8,12,20,25,26,27,8,12
12/9/2022,2022,12,10557164.2,8,27,31,46,50,1,3
12/13/2022,2022,12,8671799.4,3,9,12,26,30,10,11
12/16/2022,2022,12,11172031.2,2,15,19,35,44,2,7
12/20/2022,2022,12,9174085.8,1,11,17,20,27,4,5
12/23/2022,2022,12,10668889,16,17,23,26,35,5,11
12/27/2022,2022,12,8142901.8,19,31,33,34,43,3,5
12/30/2022,2022,12,10748804,17,34,42,47,48,1,9
1/3/2023,2023,1,8429968.8,20,21,29,45,46,3,10
1/6/2023,2023,1,10115949.8,16,31,35,44,45,4,12
1/10/2023,2023,1,10803047.2,11,13,34,40,42,3,10
1/13/2023,2023,1,13441036.4,4,13,25,33,37,5,10
1/17/2023,2023,1,8554099.4,18,21,30,46,50,2,6
1/20/2023,2023,1,11325754,3,6,13,40,42,7,11
1/24/2023,2023,1,8971549.4,11,27,41,43,47,7,11
1/27/2023,2023,1,12019099.4,8,9,15,19,31,10,12
1/31/2023,2023,1,9725619.2,7,12,19,33,43,3,7
2/3/2023,2023,2,16061298,2,14,17,32,45,3,10
2/7/2023,2023,2,8976950.4,2,8,34,44,47,3,9
2/10/2023,2023,2,11950248.2,3,13,25,36,47,3,8
2/14/2023,2023,2,9511130.2,24,26,38,43,46,2,3
2/17/2023,2023,2,12106435,8,23,27,42,45,1,9
2/21/2023,2023,2,9718827.8,21,22,34,41,49,2,7
2/24/2023,2023,2,13540747,7,23,34,42,48,1,3
2/28/2023,2023,2,8446963.8,12,29,33,37,47,5,10
3/3/2023,2023,3,17359997.6,3,6,8,24,50,10,11
3/7/2023,2023,3,13418222.4,11,13,24,35,50,6,11
3/10/2023,2023,3,11375601.6,9,16,37,38,48,2,7
3/14/2023,2023,3,8822778.8,16,26,28,31,46,11,12
3/17/2023,2023,3,11502812.2,5,15,26,37,49,8,11
3/21/2023,2023,3,9165259.4,1,9,20,29,32,2,3
3/24/2023,2023,3,11907794.8,5,12,25,36,46,6,10
3/28/2023,2023,3,8133694.8,16,21,34,36,44,9,10
3/31/2023,2023,3,10976116.8,16,18,28,34,47,5,10
4/4/2023,2023,4,9043359.6,10,16,31,33,50,3,8
4/7/2023,2023,4,9851778.2,5,26,28,36,46,6,12
4/11/2023,2023,4,9112428.6,10,14,16,19,29,2,10
4/14/2023,2023,4,12023376.2,4,11,37,44,49,6,7
4/18/2023,2023,4,9747344.2,17,21,23,35,37,10,11
4/21/2023,2023,4,13598457.4,7,8,18,33,42,2,8
4/25/2023,2023,4,11225651.8,10,29,30,40,45,1,12
4/28/2023,2023,4,14300825,11,13,16,23,34,1,10
5/2/2023,2023,5,10744049.8,7,32,44,47,48,7,8
5/5/2023,2023,5,15607677.8,3,8,18,34,49,3,7
5/9/2023,2023,5,8402310.4,13,17,21,28,46,7,9
5/12/2023,2023,5,10912354.2,9,10,13,39,44,4,6
5/16/2023,2023,5,8710673.4,4,6,9,14,37,4,11
5/19/2023,2023,5,11349751.6,18,27,34,41,49,3,9
5/23/2023,2023,5,9142724.8,5,6,14,23,34,2,11
5/26/2023,2023,5,11986572.4,15,25,37,38,41,1,7
5/30/2023,2023,5,9768178.2,27,29,32,33,47,2,8
6/2/2023,2023,6,15999977.4,3,12,15,25,43,10,11
6/6/2023,2023,6,8132691.6,13,21,32,39,50,2,10
6/9/2023,2023,6,10740653,18,26,36,41,50,11,12
6/13/2023,2023,6,8619083,15,16,21,41,50,5,6
6/16/2023,2023,6,11099017.6,7,26,34,41,44,9,11
6/20/2023,2023,6,8926900.4,11,17,28,32,35,5,6
6/23/2023,2023,6,9972496.6,1,3,11,33,46,10,11
6/27/2023,2023,6,7905777,17,22,23,27,44,1,7
6/30/2023,2023,6,10562481.6,1,6,25,29,36,7,10
7/4/2023,2023,7,8669192.4,14,17,23,36,44,2,8
7/7/2023,2023,7,11007284.2,2,11,12,19,38,4,8
7/11/2023,2023,7,8867177,2,11,28,42,48,4,9
7/14/2023,2023,7,9815667.4,5,8,29,35,48,5,6
7/18/2023,2023,7,7760946.6,4,12,34,35,45,1,9
7/21/2023,2023,7,9983487.8,7,31,33,35,36,7,10
7/25/2023,2023,7,7931963.6,5,7,11,27,37,6,12
7/28/2023,2023,7,10695251.6,7,32,33,34,38,6,9
8/1/2023,2023,8,8903587,25,27,35,40,45,7,11
8/4/2023,2023,8,10144785.2,15,20,31,44,48,1,3
8/8/2023,2023,8,7946336.2,8,9,33,35,40,3,6
8/11/2023,2023,8,10197902,4,6,10,13,34,3,5
8/15/2023,2023,8,6948416.2,3,5,9,32,43,6,10
8/18/2023,2023,8,10520329.6,23,25,30,44,47,9,12
8/22/2023,2023,8,8596126,2,9,23,32,40,6,7
8/25/2023,2023,8,10918681.4,16,17,34,35,44,5,10
8/29/2023,2023,8,9466734.2,21,23,32,40,49,8,11
9/1/2023,2023,9,12735382,4,5,35,37,43,5,6
9/5/2023,2023,9,7934845.6,1,7,24,41,48,10,12
9/8/2023,2023,9,10172448,10,20,21,26,33,3,4
9/12/2023,2023,9,8277629.8,5,14,36,40,42,2,11
9/15/2023,2023,9,10676325,12,14,21,45,48,8,11
9/19/2023,2023,9,7809705.2,10,15,31,41,42,2,5
9/22/2023,2023,9,10191878.4,3,23,24,34,35,5,8
9/26/2023,2023,9,8375397.8,2,6,14,19,23,5,7
9/29/2023,2023,9,15569510,9,11,13,21,32,2,7
10/3/2023,2023,10,7862835.2,6,20,22,24,45,4,5
10/6/2023,2023,10,10327248.8,21,29,31,34,43,2,9
10/10/2023,2023,10,8320411,18,20,22,33,43,3,9
10/13/2023,2023,10,10631128.2,21,26,28,40,41,2,4
10/17/2023,2023,10,8905666,10,17,20,35,40,3,4
10/20/2023,2023,10,9919443.6,2,20,28,40,45,1,5
10/24/2023,2023,10,7956341.8,8,16,18,31,34,6,9
10/27/2023,2023,10,9845035.2,29,33,35,48,49,3,8
10/31/2023,2023,10,7901460.6,5,7,20,40,50,2,10
